run_id,scenario_id,baseline,edit_type,graph_size,repetition,old_plan_version,new_plan_version,terminal_status,validation_ns,preparation_ns,request_to_ready_ns,boundary_wait_ns,commit_ns,request_to_effect_ns,retirement_queue_delay_ns,retirement_duration_ns,commit_to_retirement_complete_ns,maximum_output_gap_ns,transition_output_gap_ns,frames_completed_during_request,old_plan_frames_admitted_after_request_before_commit,frames_dropped,frames_duplicated,reused_processor_count,staged_processor_count,retired_processor_count,state_transition_policy,admission_stop_ns,executor_teardown_ns,executor_reconstruction_ns,publication_ns,executor_restart_ns,first_admission_wait_ns,first_completion_wait_ns,retirement_ns,total_synchronous_ns,phases_may_overlap,sum_of_instrumented_phase_durations_ns,instrumented_phase_sum_ns,critical_path_instrumented_ns,unattributed_critical_path_ns,unattributed_request_time_ns,instrumented_duration_overlap_ns,instrumented_duration_outside_effect_window_ns,grace_period_ns,handoff_wait_ns,cleanup_duration_ns,last_old_frame_completed_ns
run_2026-07-30T11-00-12_42,stress_delay0ms_size10_q4_load90,stop_rebuild_restart,insert_stateless_node,10,1,1,2,committed,267346,724259,1016374,0,11313,1281652,0,57295,,1352086,1237457,2,0,13,0,0,11,10,AUTO,19840,477,7092,4221,3202,14423,135867,57295,1083732,False,1234022,1234022,1234022,47630,47630,0,0,,,,
run_2026-07-30T11-00-12_42,stress_delay0ms_size10_q4_load90,pause_compile_resume,insert_stateless_node,10,1,1,2,committed,195135,684982,902239,0,8953,1182981,0,33158,,1151341,1151341,2,0,33,0,10,1,0,AUTO,19473,0,0,8953,3295,73675,158537,33158,944996,False,1177208,1177208,1177208,5773,5773,0,0,,,,
run_2026-07-30T11-00-12_42,stress_delay0ms_size10_q4_load90,prepare_and_commit,insert_stateless_node,10,1,1,2,committed,397916,1027667,2012442,291845,19472,2653257,0,0,0,814518,729595,11,6,60,0,10,1,0,AUTO,0,0,0,19472,0,0,490674,0,19472,True,2227574,2227574,2056728,596529,596529,85923,84923,,,,
run_2026-07-30T11-00-12_42,stress_delay0ms_size10_q4_load90,pause_compile_resume,insert_stateless_node,10,2,1,2,committed,242974,549893,816016,0,14268,1091390,0,23335,,1083910,1083910,2,0,24,0,10,1,0,AUTO,20357,0,0,14268,2819,90873,140889,23335,853646,False,1085408,1085408,1085408,5982,5982,0,0,,,,
run_2026-07-30T11-00-12_42,stress_delay0ms_size10_q4_load90,prepare_and_commit,insert_stateless_node,10,2,1,2,committed,658836,958537,2178437,152212,18363,2646278,0,0,0,1755040,924609,9,5,5,0,10,1,0,AUTO,0,0,0,18363,0,0,403386,0,18363,True,2191334,2191334,2075138,571140,571140,27839,88357,,,,
run_2026-07-30T11-00-12_42,stress_delay0ms_size10_q4_load90,stop_rebuild_restart,insert_stateless_node,10,2,1,2,committed,222401,742898,987242,0,10557,1392003,0,83079,,805108,667888,2,0,46,0,0,11,10,AUTO,17329,482,7341,3216,3264,126073,134708,83079,1080010,False,1340791,1340791,1340791,51212,51212,0,0,,,,
run_2026-07-30T11-00-12_42,stress_delay0ms_size10_q4_load90,prepare_and_commit,insert_stateless_node,10,3,1,2,committed,431472,733477,1807120,396536,22390,2581392,0,0,0,2216510,2134233,5,0,53,0,10,1,0,AUTO,0,0,0,22390,0,0,2031299,0,22390,True,3615174,3615174,1949022,632370,632370,1583875,82277,,,,
run_2026-07-30T11-00-12_42,stress_delay0ms_size10_q4_load90,stop_rebuild_restart,insert_stateless_node,10,3,1,2,committed,259654,772740,1052556,0,11806,1413558,0,59545,,1385123,1385123,2,0,21,0,0,11,10,AUTO,17137,379,7148,4658,2847,78761,162624,59545,1124108,False,1365493,1365493,1365493,48065,48065,0,0,,,,
run_2026-07-30T11-00-12_42,stress_delay0ms_size10_q4_load90,pause_compile_resume,insert_stateless_node,10,3,1,2,committed,280683,723106,1023360,0,8143,1196512,0,30275,,1168903,1168903,2,0,35,0,10,1,0,AUTO,17875,0,0,8143,2031,18521,112421,30275,1062113,False,1193055,1193055,1193055,3457,3457,0,0,,,,
run_2026-07-30T11-00-12_42,stress_delay0ms_size10_q4_load90,stop_rebuild_restart,insert_stateless_node,10,4,1,2,committed,195503,647039,863432,0,10452,1199349,0,56728,,1197779,1197779,2,0,32,0,0,11,10,AUTO,17427,205,6990,3462,2406,54117,168012,56728,929760,False,1151889,1151889,1151889,47460,47460,0,0,,,,
run_2026-07-30T11-00-12_42,stress_delay0ms_size10_q4_load90,pause_compile_resume,insert_stateless_node,10,4,1,2,committed,259898,682532,959164,0,8696,1175456,0,33216,,1096843,1096843,2,0,36,0,10,1,0,AUTO,15047,0,0,8696,2423,7950,162334,33216,1001812,False,1172096,1172096,1172096,3360,3360,0,0,,,,
run_2026-07-30T11-00-12_42,stress_delay0ms_size10_q4_load90,prepare_and_commit,insert_stateless_node,10,4,1,2,committed,476298,1006109,1999218,350904,13827,2633658,0,0,0,1030123,304720,11,6,29,0,10,1,0,AUTO,0,0,0,13827,0,0,361329,0,13827,True,2208467,2208467,2109034,524624,524624,20556,78877,,,,
run_2026-07-30T11-00-12_42,stress_delay0ms_size10_q4_load90,pause_compile_resume,insert_stateless_node,10,5,1,2,committed,181162,659388,858550,0,7815,1026903,0,28925,,975020,975020,2,0,25,0,10,1,0,AUTO,16478,0,0,7815,2357,17827,109627,28925,896125,False,1023579,1023579,1023579,3324,3324,0,0,,,,
run_2026-07-30T11-00-12_42,stress_delay0ms_size10_q4_load90,prepare_and_commit,insert_stateless_node,10,5,1,2,committed,1085393,1032975,2669685,156236,42918,3296237,0,0,0,1123281,668287,13,9,50,0,10,1,0,AUTO,0,0,0,42918,0,0,644479,0,42918,True,2962001,2962001,2737352,558885,558885,127027,97622,,,,
run_2026-07-30T11-00-12_42,stress_delay0ms_size10_q4_load90,stop_rebuild_restart,insert_stateless_node,10,5,1,2,committed,248442,734592,1002357,0,11547,1327731,0,55535,,1289711,1289711,2,0,18,0,0,11,10,AUTO,16255,235,7685,3862,2338,69319,139990,55535,1068944,False,1278253,1278253,1278253,49478,49478,0,0,,,,
run_2026-07-30T11-00-12_42,stress_delay0ms_size10_q4_load90,prepare_and_commit,insert_stateless_node,10,6,1,2,committed,486093,1107224,2511645,317675,14783,3131220,0,0,0,859299,607159,9,6,24,0,10,1,0,AUTO,0,0,0,14783,0,0,684714,0,14783,True,2610489,2610489,2203695,927525,927525,321177,85617,,,,
run_2026-07-30T11-00-12_42,stress_delay0ms_size10_q4_load90,stop_rebuild_restart,insert_stateless_node,10,6,1,2,committed,225184,722592,967244,0,11415,1208411,0,58895,,1179670,1179670,2,0,37,0,0,11,10,AUTO,16412,663,8115,3300,2258,26008,101994,58895,1037419,False,1165421,1165421,1165421,42990,42990,0,0,,,,
run_2026-07-30T11-00-12_42,stress_delay0ms_size10_q4_load90,pause_compile_resume,insert_stateless_node,10,6,1,2,committed,262363,695958,978451,0,9011,1292812,0,30178,,1236638,1236638,2,0,17,0,10,1,0,AUTO,18369,0,0,9011,2100,135110,136064,30178,1017979,False,1289153,1289153,1289153,3659,3659,0,0,,,,
run_2026-07-30T11-00-12_42,stress_delay0ms_size10_q4_load90,stop_rebuild_restart,insert_stateless_node,10,7,1,2,committed,324165,741405,1086332,0,12436,1509469,0,58825,,1474870,1474870,2,0,25,0,0,11,10,AUTO,17174,335,8319,4117,2352,176673,125465,58825,1156692,False,1458830,1458830,1458830,50639,50639,0,0,,,,
run_2026-07-30T11-00-12_42,stress_delay0ms_size10_q4_load90,pause_compile_resume,insert_stateless_node,10,7,1,2,committed,175158,611590,804213,0,9672,1126030,0,30367,,1065265,1065265,2,0,2,0,10,1,0,AUTO,16150,0,0,9672,2531,146533,130714,30367,845468,False,1122715,1122715,1122715,3315,3315,0,0,,,,
run_2026-07-30T11-00-12_42,stress_delay0ms_size10_q4_load90,prepare_and_commit,insert_stateless_node,10,7,1,2,committed,411311,752120,1698887,293836,13252,2312170,0,0,0,1683240,332499,6,1,44,0,10,1,0,AUTO,0,0,0,13252,0,0,433985,0,13252,True,1904504,1904504,1768138,544032,544032,23098,113268,,,,
run_2026-07-30T11-00-12_42,stress_delay0ms_size10_q4_load90,pause_compile_resume,insert_stateless_node,10,8,1,2,committed,311477,789012,1120703,0,23880,1364246,0,32633,,1309369,1309369,2,0,18,0,10,1,0,AUTO,18489,0,0,23880,2613,43909,138893,32633,1178104,False,1360906,1360906,1360906,3340,3340,0,0,,,,
run_2026-07-30T11-00-12_42,stress_delay0ms_size10_q4_load90,prepare_and_commit,insert_stateless_node,10,8,1,2,committed,404133,1332902,2468589,273146,37976,3151727,0,0,0,1409517,419119,11,7,31,0,10,1,0,AUTO,0,0,0,37976,0,0,503605,0,37976,True,2551762,2551762,2411581,740146,740146,45616,94565,,,,
run_2026-07-30T11-00-12_42,stress_delay0ms_size10_q4_load90,stop_rebuild_restart,insert_stateless_node,10,8,1,2,committed,420557,679033,1120488,0,8823,1491078,0,79280,,1438527,1438527,2,0,26,0,0,11,10,AUTO,17589,260,5600,3223,3513,68929,165448,79280,1209055,False,1443432,1443432,1443432,47646,47646,0,0,,,,
run_2026-07-30T11-00-12_42,stress_delay0ms_size10_q4_load90,prepare_and_commit,insert_stateless_node,10,9,1,2,committed,905465,1476985,3026671,251525,14616,3493198,0,0,0,1185949,462058,19,12,14,0,10,1,0,AUTO,0,0,0,14616,0,0,495091,0,14616,True,3143682,3143682,2840703,652495,652495,261527,41452,,,,
run_2026-07-30T11-00-12_42,stress_delay0ms_size10_q4_load90,stop_rebuild_restart,insert_stateless_node,10,9,1,2,committed,298006,766114,1085230,0,11998,1502483,0,59390,,1460033,1460033,2,0,41,0,0,11,10,AUTO,18128,333,7831,4167,2504,151759,145305,59390,1156473,False,1453537,1453537,1453537,48946,48946,0,0,,,,
run_2026-07-30T11-00-12_42,stress_delay0ms_size10_q4_load90,pause_compile_resume,insert_stateless_node,10,9,1,2,committed,195420,806675,1018033,0,10504,1300745,0,35621,,1239185,1239185,2,0,35,0,10,1,0,AUTO,14532,0,0,10504,2388,54497,177769,35621,1065140,False,1297406,1297406,1297406,3339,3339,0,0,,,,
run_2026-07-30T11-00-12_42,stress_delay0ms_size10_q4_load90,stop_rebuild_restart,insert_stateless_node,10,10,1,2,committed,180126,709163,921362,0,12433,1354817,0,71642,,1287338,1287338,2,0,17,0,0,11,10,AUTO,29377,284,7972,4461,2399,173292,129550,71642,1005424,False,1308266,1308266,1308266,46551,46551,0,0,,,,
run_2026-07-30T11-00-12_42,stress_delay0ms_size10_q4_load90,pause_compile_resume,insert_stateless_node,10,10,1,2,committed,282327,680812,982476,0,9158,1295296,0,29665,,1284769,1284769,2,0,38,0,10,1,0,AUTO,17646,0,0,9158,2181,132208,137557,29665,1021789,False,1291554,1291554,1291554,3742,3742,0,0,,,,
run_2026-07-30T11-00-12_42,stress_delay0ms_size10_q4_load90,prepare_and_commit,insert_stateless_node,10,10,1,2,committed,420098,1362710,2338720,271514,17815,2931957,0,0,0,970640,893448,10,6,43,0,10,1,0,AUTO,0,0,0,17815,0,0,639671,0,17815,True,2711808,2711808,2368142,563815,563815,266474,77192,,,,
run_2026-07-30T11-00-12_42,stress_delay0ms_size10_q4_load90,pause_compile_resume,insert_stateless_node,10,11,1,2,committed,275276,711990,1007072,0,9141,1550723,0,33643,,1494003,1494003,2,0,39,0,10,1,0,AUTO,18019,0,0,9141,2773,280937,215064,33643,1050842,False,1546843,1546843,1546843,3880,3880,0,0,,,,
run_2026-07-30T11-00-12_42,stress_delay0ms_size10_q4_load90,prepare_and_commit,insert_stateless_node,10,11,1,2,committed,784010,1066970,2649802,247199,25449,3207741,0,0,0,692658,618855,15,8,45,0,10,1,0,AUTO,0,0,0,25449,0,0,368462,0,25449,True,2492090,2492090,2382898,824843,824843,35389,73803,,,,
run_2026-07-30T11-00-12_42,stress_delay0ms_size10_q4_load90,stop_rebuild_restart,insert_stateless_node,10,11,1,2,committed,297838,781658,1104455,0,11342,1448288,0,58737,,1430576,1430576,2,0,42,0,0,11,10,AUTO,17787,381,7216,4126,2928,75999,136483,58737,1170671,False,1383153,1383153,1383153,65135,65135,0,0,,,,
run_2026-07-30T11-00-12_42,stress_delay0ms_size10_q4_load90,prepare_and_commit,insert_stateless_node,10,12,1,2,committed,428074,1007988,1958430,521305,24162,2790398,0,0,0,831123,320316,11,7,44,0,10,1,0,AUTO,0,0,0,24162,0,0,390556,0,24162,True,2372085,2372085,2259478,530920,530920,31725,80882,,,,
run_2026-07-30T11-00-12_42,stress_delay0ms_size10_q4_load90,stop_rebuild_restart,insert_stateless_node,10,12,1,2,committed,283691,733592,1038906,0,11736,1454614,0,61180,,1433213,1433213,2,0,39,0,0,11,10,AUTO,17544,239,8005,3731,2315,145003,153401,61180,1110297,False,1408701,1408701,1408701,45913,45913,0,0,,,,
run_2026-07-30T11-00-12_42,stress_delay0ms_size10_q4_load90,pause_compile_resume,insert_stateless_node,10,12,1,2,committed,182380,765553,965264,0,8847,1219102,0,32135,,1172734,1172734,2,0,14,0,10,1,0,AUTO,15739,0,0,8847,2408,50667,157895,32135,1007062,False,1215624,1215624,1215624,3478,3478,0,0,,,,
run_2026-07-30T11-00-12_42,stress_delay0ms_size10_q4_load90,stop_rebuild_restart,insert_stateless_node,10,13,1,2,committed,181228,746383,945902,0,12303,1300120,0,56505,,1244460,1244460,2,0,14,0,0,11,10,AUTO,15799,321,8451,3852,2212,84814,154791,56505,1014751,False,1254356,1254356,1254356,45764,45764,0,0,,,,
run_2026-07-30T11-00-12_42,stress_delay0ms_size10_q4_load90,pause_compile_resume,insert_stateless_node,10,13,1,2,committed,194785,656244,871585,0,7353,1178409,0,32148,,1175158,1175158,2,0,7,0,10,1,0,AUTO,18995,0,0,7353,2295,129350,133521,32148,911820,False,1174691,1174691,1174691,3718,3718,0,0,,,,
run_2026-07-30T11-00-12_42,stress_delay0ms_size10_q4_load90,prepare_and_commit,insert_stateless_node,10,13,1,2,committed,478950,1107810,2122965,149877,43755,2718796,0,0,0,723812,634485,10,6,23,0,10,1,0,AUTO,0,0,0,43755,0,0,608872,0,43755,True,2389264,2389264,2174141,544655,544655,125796,89327,,,,
run_2026-07-30T11-00-12_42,stress_delay0ms_size10_q4_load90,pause_compile_resume,insert_stateless_node,10,14,1,2,committed,249681,705445,973457,0,8546,1253280,0,32242,,1230023,1230023,2,0,35,0,10,1,0,AUTO,16430,0,0,8546,3320,74298,159279,32242,1015664,False,1249241,1249241,1249241,4039,4039,0,0,,,,
run_2026-07-30T11-00-12_42,stress_delay0ms_size10_q4_load90,prepare_and_commit,insert_stateless_node,10,14,1,2,committed,491510,1196310,2238319,275834,14915,2847593,0,0,0,855658,345882,10,6,36,0,10,1,0,AUTO,0,0,0,14915,0,0,411274,0,14915,True,2389843,2389843,2288652,558941,558941,23554,77637,,,,
run_2026-07-30T11-00-12_42,stress_delay0ms_size10_q4_load90,stop_rebuild_restart,insert_stateless_node,10,14,1,2,committed,209095,671478,899657,0,11708,1319831,0,58607,,1283816,1283816,2,0,32,0,0,11,10,AUTO,16443,312,7957,3751,2817,174305,127240,58607,970460,False,1272005,1272005,1272005,47826,47826,0,0,,,,
run_2026-07-30T11-00-12_42,stress_delay0ms_size10_q4_load90,prepare_and_commit,insert_stateless_node,10,15,1,2,committed,432615,998302,1951698,364106,11932,2630749,0,0,0,977337,357639,11,6,43,0,10,1,0,AUTO,0,0,0,11932,0,0,394528,0,11932,True,2201483,2201483,2101431,529318,529318,19228,80824,,,,
run_2026-07-30T11-00-12_42,stress_delay0ms_size10_q4_load90,stop_rebuild_restart,insert_stateless_node,10,15,1,2,committed,221829,692828,936208,0,11254,1299924,0,58069,,1688781,1255856,2,0,14,0,0,11,10,AUTO,17839,321,7276,3978,2879,118614,132243,58069,1005019,False,1255876,1255876,1255876,44048,44048,0,0,,,,
run_2026-07-30T11-00-12_42,stress_delay0ms_size10_q4_load90,pause_compile_resume,insert_stateless_node,10,15,1,2,committed,179229,606333,804781,0,8751,1118681,0,29170,,1064228,1064228,2,0,4,0,10,1,0,AUTO,17747,0,0,8751,2656,124978,146552,29170,843886,False,1115416,1115416,1115416,3265,3265,0,0,,,,
run_2026-07-30T11-00-12_42,stress_delay0ms_size10_q4_load90,stop_rebuild_restart,insert_stateless_node,10,16,1,2,committed,177791,632346,830600,0,12557,1244772,0,57812,,1198496,1198496,2,0,33,0,0,11,10,AUTO,17693,318,9007,3550,2778,177185,119294,57812,901295,False,1197774,1197774,1197774,46998,46998,0,0,,,,
run_2026-07-30T11-00-12_42,stress_delay0ms_size10_q4_load90,pause_compile_resume,insert_stateless_node,10,16,1,2,committed,197425,664527,884343,0,8028,1157571,0,32690,,1153125,1153125,2,0,8,0,10,1,0,AUTO,20402,0,0,8028,2393,69387,158424,32690,925465,False,1153276,1153276,1153276,4295,4295,0,0,,,,
run_2026-07-30T11-00-12_42,stress_delay0ms_size10_q4_load90,prepare_and_commit,insert_stateless_node,10,16,1,2,committed,440770,1031769,2001337,278895,37973,2651811,0,0,0,459999,382012,11,6,47,0,10,1,0,AUTO,0,0,0,37973,0,0,449360,0,37973,True,2238767,2238767,2114652,537159,537159,46128,77987,,,,
run_2026-07-30T11-00-12_42,stress_delay0ms_size10_q4_load90,pause_compile_resume,insert_stateless_node,10,17,1,2,committed,232383,673760,927315,0,7873,1198673,0,32050,,1169098,1169098,2,0,16,0,10,1,0,AUTO,18940,0,0,7873,2333,96480,130955,32050,967339,False,1194774,1194774,1194774,3899,3899,0,0,,,,
run_2026-07-30T11-00-12_42,stress_delay0ms_size10_q4_load90,prepare_and_commit,insert_stateless_node,10,17,1,2,committed,562602,1087440,2166012,342001,15254,2864834,0,0,0,1104064,393542,5,5,22,0,10,1,0,AUTO,0,0,0,15254,0,0,462321,0,15254,True,2469618,2469618,2340619,524215,524215,48758,80241,,,,
run_2026-07-30T11-00-12_42,stress_delay0ms_size10_q4_load90,stop_rebuild_restart,insert_stateless_node,10,17,1,2,committed,271926,744788,1037857,0,10831,1410458,0,59615,,1387664,1387664,2,0,44,0,0,11,10,AUTO,18206,604,7000,3831,2497,122454,134335,59615,1108467,False,1365256,1365256,1365256,45202,45202,0,0,,,,
run_2026-07-30T11-00-12_42,stress_delay0ms_size10_q4_load90,prepare_and_commit,insert_stateless_node,10,18,1,2,committed,446283,978792,2129309,324589,14041,2792205,0,0,0,1294064,348559,9,5,34,0,10,1,0,AUTO,0,0,0,14041,0,0,415614,0,14041,True,2179319,2179319,2079638,712567,712567,21603,78078,,,,
run_2026-07-30T11-00-12_42,stress_delay0ms_size10_q4_load90,stop_rebuild_restart,insert_stateless_node,10,18,1,2,committed,283375,758346,1061233,0,10329,1481150,0,58599,,1466890,1466890,2,0,43,0,0,11,10,AUTO,16526,303,6475,3854,2626,176869,126687,58599,1130104,False,1433660,1433660,1433660,47490,47490,0,0,,,,
run_2026-07-30T11-00-12_42,stress_delay0ms_size10_q4_load90,pause_compile_resume,insert_stateless_node,10,18,1,2,committed,281971,719375,1020591,0,8628,1399725,0,40414,,1342333,1342333,2,0,39,0,10,1,0,AUTO,17778,0,0,8628,2211,191583,134511,40414,1070377,False,1396471,1396471,1396471,3254,3254,0,0,,,,
run_2026-07-30T11-00-12_42,stress_delay0ms_size10_q4_load90,stop_rebuild_restart,insert_stateless_node,10,19,1,2,committed,183329,744378,946725,0,10437,1355066,0,58855,,1300483,1300483,2,0,13,0,0,11,10,AUTO,16355,252,6502,3935,2039,142261,154825,58855,1015645,False,1312731,1312731,1312731,42335,42335,0,0,,,,
run_2026-07-30T11-00-12_42,stress_delay0ms_size10_q4_load90,pause_compile_resume,insert_stateless_node,10,19,1,2,committed,220818,721309,967473,0,8459,1180559,0,50264,,1204283,1204283,1,0,41,0,10,1,0,AUTO,23286,0,0,8459,2289,20683,129464,50264,1026425,False,1176572,1176572,1176572,3987,3987,0,0,,,,
run_2026-07-30T11-00-12_42,stress_delay0ms_size10_q4_load90,prepare_and_commit,insert_stateless_node,10,19,1,2,committed,820426,971200,2425185,207758,18438,3016317,0,0,0,1208802,1110108,9,6,12,0,10,1,0,AUTO,0,0,0,18438,0,0,642586,0,18438,True,2660408,2660408,2373348,642969,642969,188366,98694,,,,
run_2026-07-30T11-00-12_42,stress_delay0ms_size10_q4_load90,pause_compile_resume,insert_stateless_node,10,20,1,2,committed,222550,706307,947767,0,8045,1301718,0,33138,,1279802,1279802,2,0,37,0,10,1,0,AUTO,17364,0,0,8045,2189,179295,128850,33138,989593,False,1297738,1297738,1297738,3980,3980,0,0,,,,
run_2026-07-30T11-00-12_42,stress_delay0ms_size10_q4_load90,prepare_and_commit,insert_stateless_node,10,20,1,2,committed,1525866,1092202,3293412,224905,37262,3845439,0,0,0,1119734,335203,13,11,33,0,10,1,0,AUTO,0,0,0,37262,0,0,406175,0,37262,True,3286410,3286410,3159958,685481,685481,46297,80155,,,,
run_2026-07-30T11-00-12_42,stress_delay0ms_size10_q4_load90,stop_rebuild_restart,insert_stateless_node,10,20,1,2,committed,292712,709361,1022729,0,10269,1427103,0,58703,,1504736,1386842,2,0,18,0,0,11,10,AUTO,17482,365,6564,3705,2207,168813,123067,58703,1091099,False,1382979,1382979,1382979,44124,44124,0,0,,,,
run_2026-07-30T11-00-12_42,stress_delay0ms_size10_q4_load90,prepare_and_commit,insert_stateless_node,10,21,1,2,committed,435997,986523,1934423,336577,16483,2701401,0,0,0,1046187,478385,9,5,41,0,10,1,0,AUTO,0,0,0,16483,0,0,539052,0,16483,True,2314632,2314632,2181613,519788,519788,52035,80984,,,,
run_2026-07-30T11-00-12_42,stress_delay0ms_size10_q4_load90,stop_rebuild_restart,insert_stateless_node,10,21,1,2,committed,277844,745367,1043536,0,10561,1470537,0,72143,,1405466,1405466,2,0,18,0,0,11,10,AUTO,17204,308,7196,3365,2154,168987,128698,72143,1125581,False,1423266,1423266,1423266,47271,47271,0,0,,,,
run_2026-07-30T11-00-12_42,stress_delay0ms_size10_q4_load90,pause_compile_resume,insert_stateless_node,10,21,1,2,committed,241358,706073,966673,0,8169,1202580,0,29431,,1197107,1197107,2,0,41,0,10,1,0,AUTO,17537,0,0,8169,2396,26839,167290,29431,1004964,False,1199093,1199093,1199093,3487,3487,0,0,,,,
run_2026-07-30T11-00-12_42,stress_delay0ms_size10_q4_load90,stop_rebuild_restart,insert_stateless_node,10,22,1,2,committed,278837,720417,1019215,0,9940,1417473,0,59566,,1376915,1376915,2,0,18,0,0,11,10,AUTO,17488,244,6516,3424,2398,148475,135360,59566,1088890,False,1372725,1372725,1372725,44748,44748,0,0,,,,
run_2026-07-30T11-00-12_42,stress_delay0ms_size10_q4_load90,pause_compile_resume,insert_stateless_node,10,22,1,2,committed,194046,723429,935378,0,8773,1207818,0,28823,,1146211,1146211,2,0,10,0,10,1,0,AUTO,16518,0,0,8773,2768,92006,138420,28823,974357,False,1204783,1204783,1204783,3035,3035,0,0,,,,
run_2026-07-30T11-00-12_42,stress_delay0ms_size10_q4_load90,prepare_and_commit,insert_stateless_node,10,22,1,2,committed,451615,1089359,2026689,332078,14062,2653362,0,0,0,932933,305332,9,5,40,0,10,1,0,AUTO,0,0,0,14062,0,0,360888,0,14062,True,2248002,2248002,2159156,494206,494206,22196,66650,,,,
run_2026-07-30T11-00-12_42,stress_delay0ms_size10_q4_load90,pause_compile_resume,insert_stateless_node,10,23,1,2,committed,275292,727577,1022925,0,8043,1333935,0,29845,,1288151,1288151,2,0,41,0,10,1,0,AUTO,17977,0,0,8043,2412,114619,153465,29845,1061146,False,1329230,1329230,1329230,4705,4705,0,0,,,,
run_2026-07-30T11-00-12_42,stress_delay0ms_size10_q4_load90,prepare_and_commit,insert_stateless_node,10,23,1,2,committed,438194,1200938,2365778,297980,14757,3015630,0,0,0,1474649,385673,12,4,43,0,10,1,0,AUTO,0,0,0,14757,0,0,461336,0,14757,True,2413205,2413205,2280554,735076,735076,46630,86021,,,,
run_2026-07-30T11-00-12_42,stress_delay0ms_size10_q4_load90,stop_rebuild_restart,insert_stateless_node,10,23,1,2,committed,323590,694992,1039140,0,11358,1373883,0,62877,,1357570,1357570,2,0,40,0,0,11,10,AUTO,17299,203,8025,3333,2253,67209,143914,62877,1112572,False,1323695,1323695,1323695,50188,50188,0,0,,,,
run_2026-07-30T11-00-12_42,stress_delay0ms_size10_q4_load90,prepare_and_commit,insert_stateless_node,10,24,1,2,committed,423142,1006471,1950620,401264,17113,2703361,0,0,0,1106623,619294,8,3,34,0,10,1,0,AUTO,0,0,0,17113,0,0,432732,0,17113,True,2280722,2280722,2174126,529235,529235,25259,81337,,,,
run_2026-07-30T11-00-12_42,stress_delay0ms_size10_q4_load90,stop_rebuild_restart,insert_stateless_node,10,24,1,2,committed,261392,713947,994372,0,10110,1322604,0,54119,,1288428,1288428,2,0,15,0,0,11,10,AUTO,16334,280,6679,3431,21975,31833,167212,54119,1078157,False,1277202,1277202,1277202,45402,45402,0,0,,,,
run_2026-07-30T11-00-12_42,stress_delay0ms_size10_q4_load90,pause_compile_resume,insert_stateless_node,10,24,1,2,committed,178834,611806,810046,0,8344,1089609,0,30150,,1037708,1037708,2,0,3,0,10,1,0,AUTO,18135,0,0,8344,6033,103525,129968,30150,853302,False,1086795,1086795,1086795,2814,2814,0,0,,,,
run_2026-07-30T11-00-12_42,stress_delay0ms_size10_q4_load90,stop_rebuild_restart,insert_stateless_node,10,25,1,2,committed,201854,779278,1002386,0,11380,1415188,0,54572,,1584748,1346289,2,1,12,0,0,11,10,AUTO,18163,262,7947,3433,2650,123106,162716,54572,1068159,False,1353981,1353981,1353981,61207,61207,0,0,,,,
run_2026-07-30T11-00-12_42,stress_delay0ms_size10_q4_load90,pause_compile_resume,insert_stateless_node,10,25,1,2,committed,278525,722467,1019924,0,8778,1324380,0,28454,,1284132,1284132,2,0,17,0,10,1,0,AUTO,16653,0,0,8778,2289,111741,151544,28454,1057166,False,1320451,1320451,1320451,3929,3929,0,0,,,,
run_2026-07-30T11-00-12_42,stress_delay0ms_size10_q4_load90,prepare_and_commit,insert_stateless_node,10,25,1,2,committed,454145,1208279,2178129,350363,12900,2804382,0,0,0,818130,286130,10,6,21,0,10,1,0,AUTO,0,0,0,12900,0,0,345275,0,12900,True,2370962,2370962,2280617,523765,523765,20554,69791,,,,
run_2026-07-30T11-00-12_42,stress_delay0ms_size10_q4_load90,pause_compile_resume,insert_stateless_node,10,26,1,2,committed,322676,728663,1069123,0,8370,1283386,0,28316,,1761454,1200508,2,0,22,0,10,1,0,AUTO,16295,0,0,8370,2000,35744,137947,28316,1106320,False,1280011,1280011,1280011,3375,3375,0,0,,,,
run_2026-07-30T11-00-12_42,stress_delay0ms_size10_q4_load90,prepare_and_commit,insert_stateless_node,10,26,1,2,committed,444865,1167560,2141778,291376,12699,2731719,0,0,0,859268,307315,10,6,27,0,10,1,0,AUTO,0,0,0,12699,0,0,370475,0,12699,True,2286975,2286975,2194379,537340,537340,19965,72631,,,,
run_2026-07-30T11-00-12_42,stress_delay0ms_size10_q4_load90,stop_rebuild_restart,insert_stateless_node,10,26,1,2,committed,274697,711852,1006809,0,11491,1350310,0,63760,,1344024,1344024,2,0,39,0,0,11,10,AUTO,17480,367,7853,3638,2519,81332,139874,63760,1082166,False,1303372,1303372,1303372,46938,46938,0,0,,,,
run_2026-07-30T11-00-12_42,stress_delay0ms_size10_q4_load90,prepare_and_commit,insert_stateless_node,10,27,1,2,committed,389707,996992,2213511,242509,16190,2774077,0,0,0,399859,326913,10,7,41,0,10,1,0,AUTO,0,0,0,16190,0,0,388859,0,16190,True,2034257,2034257,1937192,836885,836885,24119,72946,,,,
run_2026-07-30T11-00-12_42,stress_delay0ms_size10_q4_load90,stop_rebuild_restart,insert_stateless_node,10,27,1,2,committed,303679,713896,1037879,0,11032,1453206,0,52721,,1397324,1397324,2,0,40,0,0,11,10,AUTO,17439,294,7637,3395,2222,179241,124231,52721,1101283,False,1404755,1404755,1404755,48451,48451,0,0,,,,
run_2026-07-30T11-00-12_42,stress_delay0ms_size10_q4_load90,pause_compile_resume,insert_stateless_node,10,27,1,2,committed,203706,577492,799381,0,8434,1088237,0,25802,,1073815,1073815,2,0,27,0,10,1,0,AUTO,16671,0,0,8434,2107,105070,145883,25802,834212,False,1085165,1085165,1085165,3072,3072,0,0,,,,
run_2026-07-30T11-00-12_42,stress_delay0ms_size10_q4_load90,stop_rebuild_restart,insert_stateless_node,10,28,1,2,committed,291835,739943,1051999,0,10595,1330944,0,55035,,1292944,1292944,2,0,38,0,0,11,10,AUTO,17184,156,6937,3658,3150,10456,153362,55035,1117898,False,1281716,1281716,1281716,49228,49228,0,0,,,,
run_2026-07-30T11-00-12_42,stress_delay0ms_size10_q4_load90,pause_compile_resume,insert_stateless_node,10,28,1,2,committed,185750,665344,869244,0,9451,1239242,0,33173,,1179460,1179460,2,0,10,0,10,1,0,AUTO,16266,0,0,9451,2869,185369,137502,33173,912853,False,1235724,1235724,1235724,3518,3518,0,0,,,,
run_2026-07-30T11-00-12_42,stress_delay0ms_size10_q4_load90,prepare_and_commit,insert_stateless_node,10,28,1,2,committed,490054,1055366,2052811,508668,12791,2911709,0,0,0,945704,461658,10,5,45,0,10,1,0,AUTO,0,0,0,12791,0,0,547070,0,12791,True,2613949,2613949,2395501,516208,516208,123651,94797,,,,
run_2026-07-30T11-00-12_42,stress_delay0ms_size10_q4_load90,pause_compile_resume,insert_stateless_node,10,29,1,2,committed,196318,713580,938546,0,10528,1246931,0,33124,,1171947,1171947,2,0,36,0,10,1,0,AUTO,27252,0,0,10528,2300,114503,146061,33124,983102,False,1243666,1243666,1243666,3265,3265,0,0,,,,
run_2026-07-30T11-00-12_42,stress_delay0ms_size10_q4_load90,prepare_and_commit,insert_stateless_node,10,29,1,2,committed,462190,1089077,2036851,282122,16127,2726656,0,0,0,1176164,418796,8,4,41,0,10,1,0,AUTO,0,0,0,16127,0,0,489448,0,16127,True,2338964,2338964,2233034,493622,493622,24442,81488,,,,
run_2026-07-30T11-00-12_42,stress_delay0ms_size10_q4_load90,stop_rebuild_restart,insert_stateless_node,10,29,1,2,committed,267500,757040,1045942,0,10305,1404529,0,71520,,1390523,1390523,2,0,41,0,0,11,10,AUTO,18019,257,6773,3532,2408,60808,142659,71520,1127049,False,1330516,1330516,1330516,74013,74013,0,0,,,,
run_2026-07-30T11-00-12_42,stress_delay0ms_size10_q4_load90,prepare_and_commit,insert_stateless_node,10,30,1,2,committed,442963,1211259,2158159,251915,15760,2720305,0,0,0,747913,322223,11,6,68,0,10,1,0,AUTO,0,0,0,15760,0,0,395143,0,15760,True,2317040,2317040,2208292,512013,512013,24053,84695,,,,
run_2026-07-30T11-00-12_42,stress_delay0ms_size10_q4_load90,stop_rebuild_restart,insert_stateless_node,10,30,1,2,committed,409468,864813,1297951,0,12875,1660919,0,66437,,1621889,1621889,2,0,47,0,0,11,10,AUTO,20326,303,8565,4310,2701,64026,161553,66437,1376923,False,1602502,1602502,1602502,58417,58417,0,0,,,,
run_2026-07-30T11-00-12_42,stress_delay0ms_size10_q4_load90,pause_compile_resume,insert_stateless_node,10,30,1,2,committed,304256,788191,1112049,0,9838,1305793,0,30762,,1258741,1258741,2,0,16,0,10,1,0,AUTO,18000,0,0,9838,2259,29498,119482,30762,1153306,False,1302286,1302286,1302286,3507,3507,0,0,,,,
run_2026-07-30T11-00-12_42,stress_delay20ms_size10_q4_load90,stop_rebuild_restart,insert_stateless_node,10,1,1,2,committed,550128,21317335,21894942,0,13021,22270670,0,79345,,22615990,22615990,1,0,334,0,0,11,10,AUTO,23984,542,8503,4518,3711,37590,188827,79345,21988066,False,22214483,22214483,22214483,56187,56187,0,0,,,,
run_2026-07-30T11-00-12_42,stress_delay20ms_size10_q4_load90,pause_compile_resume,insert_stateless_node,10,1,1,2,committed,194113,20853118,21066930,0,7845,21339102,0,34869,,21322625,21322625,2,0,290,0,10,1,0,AUTO,18065,0,0,7845,2195,66604,158880,34869,21110205,False,21335689,21335689,21335689,3413,3413,0,0,,,,
run_2026-07-30T11-00-12_42,stress_delay20ms_size10_q4_load90,prepare_and_commit,insert_stateless_node,10,1,1,2,committed,650549,21144595,22349294,214127,15472,22924419,0,0,0,683279,370769,171,167,135,0,10,1,0,AUTO,0,0,0,15472,0,0,439049,0,15472,True,22463792,22463792,22361056,563363,563363,23120,79616,,,,
run_2026-07-30T11-00-12_42,stress_delay20ms_size10_q4_load90,pause_compile_resume,insert_stateless_node,10,2,1,2,committed,260020,20910488,21190336,0,8514,21549502,0,38786,,21501588,21501588,2,0,323,0,10,1,0,AUTO,18403,0,0,8514,2513,140247,167346,38786,21238724,False,21546317,21546317,21546317,3185,3185,0,0,,,,
run_2026-07-30T11-00-12_42,stress_delay20ms_size10_q4_load90,prepare_and_commit,insert_stateless_node,10,2,1,2,committed,445475,21472525,22542923,255537,12130,23082710,0,0,0,1029020,294844,174,169,170,0,10,1,0,AUTO,0,0,0,12130,0,0,352649,0,12130,True,22538316,22538316,22449488,633222,633222,19438,69390,,,,
run_2026-07-30T11-00-12_42,stress_delay20ms_size10_q4_load90,stop_rebuild_restart,insert_stateless_node,10,2,1,2,committed,236335,20948412,21330222,0,11528,21788918,0,62471,,21721886,21721886,2,0,321,0,0,11,10,AUTO,142591,190,7826,3702,2676,71841,247237,62471,21404203,False,21723281,21723281,21723281,65637,65637,0,0,,,,
run_2026-07-30T11-00-12_42,stress_delay20ms_size10_q4_load90,prepare_and_commit,insert_stateless_node,10,3,1,2,committed,407148,21103883,22084476,165846,19691,22644918,0,0,0,698113,612061,174,169,143,0,10,1,0,AUTO,0,0,0,19691,0,0,480547,0,19691,True,22177115,22177115,22062829,582089,582089,28234,86052,,,,
run_2026-07-30T11-00-12_42,stress_delay20ms_size10_q4_load90,stop_rebuild_restart,insert_stateless_node,10,3,1,2,committed,343637,20930054,21296023,0,10697,21679158,0,60144,,21598341,21598341,2,0,321,0,0,11,10,AUTO,18851,231,7181,3516,2316,126261,143571,60144,21365930,False,21635762,21635762,21635762,43396,43396,0,0,,,,
run_2026-07-30T11-00-12_42,stress_delay20ms_size10_q4_load90,pause_compile_resume,insert_stateless_node,10,3,1,2,committed,188280,20811650,21017385,0,8537,21392355,0,35492,,21341018,21341018,2,0,316,0,10,1,0,AUTO,16219,0,0,8537,2495,190409,136313,35492,21062673,False,21389395,21389395,21389395,2960,2960,0,0,,,,
run_2026-07-30T11-00-12_42,stress_delay20ms_size10_q4_load90,stop_rebuild_restart,insert_stateless_node,10,4,1,2,committed,223897,20868749,21112247,0,10758,21409317,0,58304,,21352856,21352856,2,0,301,0,0,11,10,AUTO,16462,661,7224,3534,2941,36723,148263,58304,21181772,False,21366758,21366758,21366758,42559,42559,0,0,,,,
run_2026-07-30T11-00-12_42,stress_delay20ms_size10_q4_load90,pause_compile_resume,insert_stateless_node,10,4,1,2,committed,275145,20822244,21116863,0,8477,21388576,0,33286,,21348327,21348327,2,0,300,0,10,1,0,AUTO,17653,0,0,8477,2179,66165,159789,33286,21158984,False,21384938,21384938,21384938,3638,3638,0,0,,,,
run_2026-07-30T11-00-12_42,stress_delay20ms_size10_q4_load90,prepare_and_commit,insert_stateless_node,10,4,1,2,committed,513450,21603298,23067623,317830,15160,23718950,0,0,0,755881,340880,176,170,177,0,10,1,0,AUTO,0,0,0,15160,0,0,424568,0,15160,True,22874306,22874306,22759190,959760,959760,22917,92199,,,,
run_2026-07-30T11-00-12_42,stress_delay20ms_size10_q4_load90,pause_compile_resume,insert_stateless_node,10,5,1,2,committed,192342,20818610,21029187,0,8365,21327252,0,32813,,21269839,21269839,2,0,316,0,10,1,0,AUTO,16998,0,0,8365,2859,88422,163866,32813,21071987,False,21324275,21324275,21324275,2977,2977,0,0,,,,
run_2026-07-30T11-00-12_42,stress_delay20ms_size10_q4_load90,prepare_and_commit,insert_stateless_node,10,5,1,2,committed,511982,21288252,22469824,143290,18465,22903141,0,0,0,1671426,542632,167,167,139,0,10,1,0,AUTO,0,0,0,18465,0,0,356060,0,18465,True,22318049,22318049,22222038,681103,681103,27445,68566,,,,
run_2026-07-30T11-00-12_42,stress_delay20ms_size10_q4_load90,stop_rebuild_restart,insert_stateless_node,10,5,1,2,committed,258130,20864051,21142353,0,10547,21568833,0,65127,,21520344,21520344,2,0,301,0,0,11,10,AUTO,17325,264,7368,3179,2283,132549,153651,65127,21217727,False,21503927,21503927,21503927,64906,64906,0,0,,,,
run_2026-07-30T11-00-12_42,stress_delay20ms_size10_q4_load90,prepare_and_commit,insert_stateless_node,10,6,1,2,committed,487581,21491280,22509901,393537,15875,23252728,0,0,0,1073426,365885,172,167,171,0,10,1,0,AUTO,0,0,0,15875,0,0,430474,0,15875,True,22818747,22818747,22713474,539254,539254,25499,79774,,,,
run_2026-07-30T11-00-12_42,stress_delay20ms_size10_q4_load90,stop_rebuild_restart,insert_stateless_node,10,6,1,2,committed,235778,20824032,21078845,0,10782,21465687,0,60499,,21400359,21400359,2,1,318,0,0,11,10,AUTO,15920,285,7041,3741,2488,117397,139235,60499,21149784,False,21406416,21406416,21406416,59271,59271,0,0,,,,
run_2026-07-30T11-00-12_42,stress_delay20ms_size10_q4_load90,pause_compile_resume,insert_stateless_node,10,6,1,2,committed,205914,20780174,21004860,0,9396,21253607,0,31773,,21227677,21227677,2,0,297,0,10,1,0,AUTO,16732,0,0,9396,2027,52320,151488,31773,21046016,False,21249824,21249824,21249824,3783,3783,0,0,,,,
run_2026-07-30T11-00-12_42,stress_delay20ms_size10_q4_load90,stop_rebuild_restart,insert_stateless_node,10,7,1,2,committed,275184,20877793,21173291,0,11298,21485877,0,59900,,21460434,21460434,2,0,324,0,0,11,10,AUTO,16840,317,7055,4243,2327,58271,134246,59900,21243659,False,21436176,21436176,21436176,49701,49701,0,0,,,,
run_2026-07-30T11-00-12_42,stress_delay20ms_size10_q4_load90,pause_compile_resume,insert_stateless_node,10,7,1,2,committed,244602,20813599,21088170,0,9275,21355721,0,37693,,21380052,21380052,1,0,294,0,10,1,0,AUTO,27794,0,0,9275,2322,56639,159564,37693,21135285,False,21351488,21351488,21351488,4233,4233,0,0,,,,
run_2026-07-30T11-00-12_42,stress_delay20ms_size10_q4_load90,prepare_and_commit,insert_stateless_node,10,7,1,2,committed,444123,21288823,22236581,186552,20952,22791288,0,0,0,1292040,637961,157,153,171,0,10,1,0,AUTO,0,0,0,20952,0,0,499846,0,20952,True,22440296,22440296,22278510,512778,512778,32057,129729,,,,
run_2026-07-30T11-00-12_42,stress_delay20ms_size10_q4_load90,pause_compile_resume,insert_stateless_node,10,8,1,2,committed,244353,20869212,21131696,0,9553,21460256,0,34615,,21415397,21415397,2,0,297,0,10,1,0,AUTO,16503,0,0,9553,2289,147215,132557,34615,21176525,False,21456297,21456297,21456297,3959,3959,0,0,,,,
run_2026-07-30T11-00-12_42,stress_delay20ms_size10_q4_load90,prepare_and_commit,insert_stateless_node,10,8,1,2,committed,458171,21150224,22404288,151976,20244,22950388,0,0,0,768451,685871,169,161,175,0,10,1,0,AUTO,0,0,0,20244,0,0,475419,0,20244,True,22256034,22256034,22143010,807378,807378,30444,82580,,,,
run_2026-07-30T11-00-12_42,stress_delay20ms_size10_q4_load90,stop_rebuild_restart,insert_stateless_node,10,8,1,2,committed,242796,20929420,21190421,0,12667,21452282,0,70243,,21411654,21411654,2,0,296,0,0,11,10,AUTO,14911,325,7910,4757,3008,26628,101893,70243,21273370,False,21401891,21401891,21401891,50391,50391,0,0,,,,
run_2026-07-30T11-00-12_42,stress_delay20ms_size10_q4_load90,prepare_and_commit,insert_stateless_node,10,9,1,2,committed,420392,21518645,22512019,369397,16069,23253132,0,0,0,458764,386115,172,168,168,0,10,1,0,AUTO,0,0,0,16069,0,0,445045,0,16069,True,22769548,22769548,22671430,581702,581702,25469,72649,,,,
run_2026-07-30T11-00-12_42,stress_delay20ms_size10_q4_load90,stop_rebuild_restart,insert_stateless_node,10,9,1,2,committed,208678,20890385,21119685,0,12899,21583927,0,58674,,21577308,21577308,2,0,319,0,0,11,10,AUTO,17323,278,8518,4381,2834,193471,151869,58674,21191071,False,21536411,21536411,21536411,47516,47516,0,0,,,,
run_2026-07-30T11-00-12_42,stress_delay20ms_size10_q4_load90,pause_compile_resume,insert_stateless_node,10,9,1,2,committed,177585,20852162,21048007,0,8319,21238507,0,33650,,21175272,21175272,2,1,308,0,10,1,0,AUTO,16515,0,0,8319,2698,10916,132810,33650,21090929,False,21234655,21234655,21234655,3852,3852,0,0,,,,
run_2026-07-30T11-00-12_42,stress_delay20ms_size10_q4_load90,stop_rebuild_restart,insert_stateless_node,10,10,1,2,committed,208072,20845197,21071422,0,10442,21332561,0,60672,,21289298,21289298,2,0,316,0,0,11,10,AUTO,15672,170,6911,3531,2243,26068,120186,60672,21142468,False,21288722,21288722,21288722,43839,43839,0,0,,,,
run_2026-07-30T11-00-12_42,stress_delay20ms_size10_q4_load90,pause_compile_resume,insert_stateless_node,10,10,1,2,committed,292884,20893929,21206053,0,8533,21390695,0,30248,,21385863,21385863,2,0,291,0,10,1,0,AUTO,17416,0,0,8533,2584,8772,118236,30248,21245594,False,21372602,21372602,21372602,18093,18093,0,0,,,,
run_2026-07-30T11-00-12_42,stress_delay20ms_size10_q4_load90,prepare_and_commit,insert_stateless_node,10,10,1,2,committed,481278,21168706,22185808,360535,15489,22888575,0,0,0,1160185,881162,164,160,157,0,10,1,0,AUTO,0,0,0,15489,0,0,429845,0,15489,True,22455853,22455853,22343889,544686,544686,25747,86217,,,,
run_2026-07-30T11-00-12_42,stress_delay20ms_size10_q4_load90,pause_compile_resume,insert_stateless_node,10,11,1,2,committed,297744,20975037,21291205,0,8672,21620675,0,34837,,21547385,21547385,2,0,322,0,10,1,0,AUTO,16559,0,0,8672,2501,131864,149831,34837,21335350,False,21617045,21617045,21617045,3630,3630,0,0,,,,
run_2026-07-30T11-00-12_42,stress_delay20ms_size10_q4_load90,prepare_and_commit,insert_stateless_node,10,11,1,2,committed,1016496,21683090,23507518,302963,18761,24010292,0,0,0,602018,223888,168,167,161,0,10,1,0,AUTO,0,0,0,18761,0,0,243786,0,18761,True,23265096,23265096,23194106,816186,816186,25164,45826,,,,
run_2026-07-30T11-00-12_42,stress_delay20ms_size10_q4_load90,stop_rebuild_restart,insert_stateless_node,10,11,1,2,committed,179280,20869593,21067790,0,10479,21330291,0,61824,,21284176,21284176,2,0,291,0,0,11,10,AUTO,16308,297,6891,3588,2249,36056,107189,61824,21140030,False,21283275,21283275,21283275,47016,47016,0,0,,,,
run_2026-07-30T11-00-12_42,stress_delay20ms_size10_q4_load90,prepare_and_commit,insert_stateless_node,10,12,1,2,committed,644773,21608712,22842632,314381,16329,23445725,0,0,0,1190259,301619,170,170,151,0,10,1,0,AUTO,0,0,0,16329,0,0,357222,0,16329,True,22941417,22941417,22847008,598717,598717,25892,68517,,,,
run_2026-07-30T11-00-12_42,stress_delay20ms_size10_q4_load90,stop_rebuild_restart,insert_stateless_node,10,12,1,2,committed,286232,20911487,21216842,0,10904,21606971,0,64616,,21536104,21536104,2,0,321,0,0,11,10,AUTO,16391,282,7433,3471,2524,133339,130467,64616,21292436,False,21556242,21556242,21556242,50729,50729,0,0,,,,
run_2026-07-30T11-00-12_42,stress_delay20ms_size10_q4_load90,pause_compile_resume,insert_stateless_node,10,12,1,2,committed,268339,20875467,21161964,0,7838,21382313,0,35884,,21314081,21314081,2,1,296,0,10,1,0,AUTO,16755,0,0,7838,2570,9145,162989,35884,21206853,False,21378987,21378987,21378987,3326,3326,0,0,,,,
run_2026-07-30T11-00-12_42,stress_delay20ms_size10_q4_load90,stop_rebuild_restart,insert_stateless_node,10,13,1,2,committed,191780,20861165,21074077,0,10441,21466089,0,61645,,21458132,21458132,2,0,295,0,0,11,10,AUTO,17884,272,7213,3228,2269,128561,147615,61645,21145456,False,21421632,21421632,21421632,44457,44457,0,0,,,,
run_2026-07-30T11-00-12_42,stress_delay20ms_size10_q4_load90,pause_compile_resume,insert_stateless_node,10,13,1,2,committed,191676,20868012,21078021,0,9359,21357464,0,36588,,21305073,21305073,2,0,291,0,10,1,0,AUTO,16774,0,0,9359,2729,55603,173241,36588,21125138,False,21353982,21353982,21353982,3482,3482,0,0,,,,
run_2026-07-30T11-00-12_42,stress_delay20ms_size10_q4_load90,prepare_and_commit,insert_stateless_node,10,13,1,2,committed,567865,21153972,22161898,154350,19736,22637610,0,0,0,1506186,655869,160,160,138,0,10,1,0,AUTO,0,0,0,19736,0,0,421835,0,19736,True,22317758,22317758,22186509,451101,451101,29347,101902,,,,
run_2026-07-30T11-00-12_42,stress_delay20ms_size10_q4_load90,pause_compile_resume,insert_stateless_node,10,14,1,2,committed,229901,20855813,21106671,0,8408,21396179,0,38315,,21300681,21300681,2,0,346,0,10,1,0,AUTO,19153,0,0,8408,2468,55758,182765,38315,21154058,False,21392581,21392581,21392581,3598,3598,0,0,,,,
run_2026-07-30T11-00-12_42,stress_delay20ms_size10_q4_load90,prepare_and_commit,insert_stateless_node,10,14,1,2,committed,1258361,21760847,23883710,367933,13187,24447292,0,0,0,480067,201096,162,157,154,0,10,1,0,AUTO,0,0,0,13187,0,0,233846,0,13187,True,23634174,23634174,23573070,874222,874222,19903,41201,,,,
run_2026-07-30T11-00-12_42,stress_delay20ms_size10_q4_load90,stop_rebuild_restart,insert_stateless_node,10,14,1,2,committed,297274,20959868,21277744,0,12052,21649985,0,67305,,21624323,21624323,2,0,323,0,0,11,10,AUTO,17753,380,8220,3832,2723,59936,178978,67305,21357355,False,21596269,21596269,21596269,53716,53716,0,0,,,,
run_2026-07-30T11-00-12_42,stress_delay20ms_size10_q4_load90,prepare_and_commit,insert_stateless_node,10,15,1,2,committed,496363,21354812,22774760,152726,19309,23270917,0,0,0,1215098,662699,167,162,184,0,10,1,0,AUTO,0,0,0,19309,0,0,429104,0,19309,True,22452314,22452314,22338571,932346,932346,29055,84688,,,,
run_2026-07-30T11-00-12_42,stress_delay20ms_size10_q4_load90,stop_rebuild_restart,insert_stateless_node,10,15,1,2,committed,242991,20878635,21141365,0,11919,21557962,0,58793,,21511073,21511073,2,0,314,0,0,11,10,AUTO,16783,242,8050,3869,2442,84865,206344,58793,21211805,False,21503014,21503014,21503014,54948,54948,0,0,,,,
run_2026-07-30T11-00-12_42,stress_delay20ms_size10_q4_load90,pause_compile_resume,insert_stateless_node,10,15,1,2,committed,286129,20864968,21170660,0,8147,21540448,0,34943,,21513440,21513440,2,0,302,0,10,1,0,AUTO,17334,0,0,8147,2279,178762,143575,34943,21213800,False,21536137,21536137,21536137,4311,4311,0,0,,,,
run_2026-07-30T11-00-12_42,stress_delay20ms_size10_q4_load90,stop_rebuild_restart,insert_stateless_node,10,16,1,2,committed,193167,20783954,20996110,0,11691,21281057,0,58791,,21268726,21268726,2,0,284,0,0,11,10,AUTO,15717,580,7716,3975,2246,6660,159333,58791,21066146,False,21232139,21232139,21232139,48918,48918,0,0,,,,
run_2026-07-30T11-00-12_42,stress_delay20ms_size10_q4_load90,pause_compile_resume,insert_stateless_node,10,16,1,2,committed,275334,20805405,21100467,0,7829,21441149,0,34844,,21385243,21385243,2,0,300,0,10,1,0,AUTO,18242,0,0,7829,2346,152815,140769,34844,21144000,False,21437584,21437584,21437584,3565,3565,0,0,,,,
run_2026-07-30T11-00-12_42,stress_delay20ms_size10_q4_load90,prepare_and_commit,insert_stateless_node,10,16,1,2,committed,430730,21542051,22552356,252830,17341,22996719,0,0,0,988181,197648,173,169,178,0,10,1,0,AUTO,0,0,0,17341,0,0,262060,0,17341,True,22505012,22505012,22409312,587407,587407,23083,72617,,,,
run_2026-07-30T11-00-12_42,stress_delay20ms_size10_q4_load90,pause_compile_resume,insert_stateless_node,10,17,1,2,committed,297650,20868089,21191381,0,8226,21565199,0,32315,,21523482,21523482,2,0,300,0,10,1,0,AUTO,23580,0,0,8226,2365,193247,135045,32315,21232225,False,21560517,21560517,21560517,4682,4682,0,0,,,,
run_2026-07-30T11-00-12_42,stress_delay20ms_size10_q4_load90,prepare_and_commit,insert_stateless_node,10,17,1,2,committed,447155,21294975,22280672,166758,20666,22769977,0,0,0,1293707,611862,167,162,146,0,10,1,0,AUTO,0,0,0,20666,0,0,416181,0,20666,True,22345735,22345735,22222839,547138,547138,30962,91934,,,,
run_2026-07-30T11-00-12_42,stress_delay20ms_size10_q4_load90,stop_rebuild_restart,insert_stateless_node,10,17,1,2,committed,253304,20837970,21110162,0,11069,21475869,0,58533,,21414793,21414793,2,0,320,0,0,11,10,AUTO,16224,465,6767,4302,2880,117979,131992,58533,21180445,False,21430416,21430416,21430416,45453,45453,0,0,,,,
run_2026-07-30T11-00-12_42,stress_delay20ms_size10_q4_load90,prepare_and_commit,insert_stateless_node,10,18,1,2,committed,515007,21281355,22694340,152550,36310,23157679,0,0,0,1442868,588649,165,158,151,0,10,1,0,AUTO,0,0,0,36310,0,0,381677,0,36310,True,22366899,22366899,22250733,906946,906946,46864,69302,,,,
run_2026-07-30T11-00-12_42,stress_delay20ms_size10_q4_load90,stop_rebuild_restart,insert_stateless_node,10,18,1,2,committed,390334,20859532,21279059,0,12110,21527473,0,51089,,21546900,21546900,1,0,319,0,0,11,10,AUTO,25408,462,7786,4324,2476,9373,115259,51089,21341411,False,21466043,21466043,21466043,61430,61430,0,0,,,,
run_2026-07-30T11-00-12_42,stress_delay20ms_size10_q4_load90,pause_compile_resume,insert_stateless_node,10,18,1,2,committed,326999,20844036,21209379,0,8425,21527347,0,34272,,21560995,21560995,1,0,298,0,10,1,0,AUTO,36497,0,0,8425,2383,135085,135686,34272,21252612,False,21523383,21523383,21523383,3964,3964,0,0,,,,
run_2026-07-30T11-00-12_42,stress_delay20ms_size10_q4_load90,stop_rebuild_restart,insert_stateless_node,10,19,1,2,committed,215781,20832379,21087794,0,10947,21354272,0,57637,,21285869,21285869,2,0,295,0,0,11,10,AUTO,36574,336,7354,3593,2431,28743,122302,57637,21156085,False,21307130,21307130,21307130,47142,47142,0,0,,,,
run_2026-07-30T11-00-12_42,stress_delay20ms_size10_q4_load90,pause_compile_resume,insert_stateless_node,10,19,1,2,committed,179449,20832939,21030716,0,8567,21298421,0,37179,,21256466,21256466,2,0,292,0,10,1,0,AUTO,16908,0,0,8567,2159,64628,153554,37179,21077201,False,21295383,21295383,21295383,3038,3038,0,0,,,,
run_2026-07-30T11-00-12_42,stress_delay20ms_size10_q4_load90,prepare_and_commit,insert_stateless_node,10,19,1,2,committed,435391,20916667,22055867,184643,34715,22581925,0,0,0,737524,657117,173,165,128,0,10,1,0,AUTO,0,0,0,34715,0,0,498157,0,34715,True,22069573,22069573,21869561,712364,712364,122095,77917,,,,
run_2026-07-30T11-00-12_42,stress_delay20ms_size10_q4_load90,pause_compile_resume,insert_stateless_node,10,20,1,2,committed,271129,20844970,21134085,0,10233,21475623,0,33410,,21411143,21411143,2,0,317,0,10,1,0,AUTO,16396,0,0,10233,2149,133317,160426,33410,21178287,False,21472030,21472030,21472030,3593,3593,0,0,,,,
run_2026-07-30T11-00-12_42,stress_delay20ms_size10_q4_load90,prepare_and_commit,insert_stateless_node,10,20,1,2,committed,462239,21615956,22665431,245930,15812,23190881,0,0,0,469971,304296,174,171,148,0,10,1,0,AUTO,0,0,0,15812,0,0,347797,0,15812,True,22687734,22687734,22594731,596150,596150,24234,68769,,,,
run_2026-07-30T11-00-12_42,stress_delay20ms_size10_q4_load90,stop_rebuild_restart,insert_stateless_node,10,20,1,2,committed,178085,20841938,21038260,0,12691,21460496,0,62981,,21397241,21397241,2,0,296,0,0,11,10,AUTO,15559,255,8996,3695,2584,169284,129489,62981,21114093,False,21412866,21412866,21412866,47630,47630,0,0,,,,
run_2026-07-30T11-00-12_42,stress_delay20ms_size10_q4_load90,prepare_and_commit,insert_stateless_node,10,21,1,2,committed,410266,21323959,22285458,162684,18856,22742168,0,0,0,723221,652952,174,169,180,0,10,1,0,AUTO,0,0,0,18856,0,0,366826,0,18856,True,22282591,22282591,22182817,559351,559351,29505,70269,,,,
run_2026-07-30T11-00-12_42,stress_delay20ms_size10_q4_load90,stop_rebuild_restart,insert_stateless_node,10,21,1,2,committed,210033,20839812,21067780,0,10916,21371262,0,59315,,21335274,21335274,2,0,296,0,0,11,10,AUTO,15310,312,7525,3391,2762,43363,142474,59315,21138460,False,21324297,21324297,21324297,46965,46965,0,0,,,,
run_2026-07-30T11-00-12_42,stress_delay20ms_size10_q4_load90,pause_compile_resume,insert_stateless_node,10,21,1,2,committed,192555,20723847,20935309,0,6808,21185293,0,21685,,21176956,21176956,2,0,287,0,10,1,0,AUTO,17078,0,0,6808,1894,76509,141751,21685,20963867,False,21182127,21182127,21182127,3166,3166,0,0,,,,
run_2026-07-30T11-00-12_42,stress_delay20ms_size10_q4_load90,stop_rebuild_restart,insert_stateless_node,10,22,1,2,committed,188951,20869523,21077487,0,11402,21584239,0,59775,,21530033,21530033,2,0,289,0,0,11,10,AUTO,16392,674,8382,3020,2725,45758,346302,59775,21149442,False,21541502,21541502,21541502,42737,42737,0,0,,,,
run_2026-07-30T11-00-12_42,stress_delay20ms_size10_q4_load90,pause_compile_resume,insert_stateless_node,10,22,1,2,committed,292602,20855633,21165200,0,8097,21518241,0,30807,,21453728,21453728,2,0,299,0,10,1,0,AUTO,15443,0,0,8097,2501,183111,126772,30807,21205083,False,21514966,21514966,21514966,3275,3275,0,0,,,,
run_2026-07-30T11-00-12_42,stress_delay20ms_size10_q4_load90,prepare_and_commit,insert_stateless_node,10,22,1,2,committed,544202,21182893,22267789,268523,13026,22850611,0,0,0,1117140,744912,167,163,152,0,10,1,0,AUTO,0,0,0,13026,0,0,413563,0,13026,True,22422207,22422207,22301123,549488,549488,21515,99569,,,,
run_2026-07-30T11-00-12_42,stress_delay20ms_size10_q4_load90,pause_compile_resume,insert_stateless_node,10,23,1,2,committed,261582,20851643,21135937,0,9407,21394434,0,34956,,21407431,21407431,1,0,306,0,10,1,0,AUTO,20488,0,0,9407,2514,56825,152906,34956,21180590,False,21390321,21390321,21390321,4113,4113,0,0,,,,
run_2026-07-30T11-00-12_42,stress_delay20ms_size10_q4_load90,prepare_and_commit,insert_stateless_node,10,23,1,2,committed,370784,21094801,22080238,155689,19143,22549854,0,0,0,639927,570435,172,168,170,0,10,1,0,AUTO,0,0,0,19143,0,0,384638,0,19143,True,22025055,22025055,21926891,622963,622963,28672,69492,,,,
run_2026-07-30T11-00-12_42,stress_delay20ms_size10_q4_load90,stop_rebuild_restart,insert_stateless_node,10,23,1,2,committed,238093,20856675,21114140,0,11307,21523840,0,64003,,21459617,21459617,2,1,321,0,0,11,10,AUTO,16427,371,7506,3801,2184,144937,143861,64003,21189060,False,21477858,21477858,21477858,45982,45982,0,0,,,,
run_2026-07-30T11-00-12_42,stress_delay20ms_size10_q4_load90,prepare_and_commit,insert_stateless_node,10,24,1,2,committed,420761,21172745,22426169,277218,15344,23012637,0,0,0,491762,319141,172,164,148,0,10,1,0,AUTO,0,0,0,15344,0,0,387207,0,15344,True,22273275,22273275,22170551,842086,842086,22784,79940,,,,
run_2026-07-30T11-00-12_42,stress_delay20ms_size10_q4_load90,stop_rebuild_restart,insert_stateless_node,10,24,1,2,committed,318981,20908555,21256089,0,10887,21656041,0,63238,,21683976,21683976,1,0,296,0,0,11,10,AUTO,25135,353,7067,3820,2668,125148,154270,63238,21329817,False,21609235,21609235,21609235,46806,46806,0,0,,,,
run_2026-07-30T11-00-12_42,stress_delay20ms_size10_q4_load90,pause_compile_resume,insert_stateless_node,10,24,1,2,committed,189064,20852020,21058364,0,8474,21337283,0,31208,,21277081,21277081,2,0,317,0,10,1,0,AUTO,15839,0,0,8474,2122,90967,144501,31208,21098727,False,21334195,21334195,21334195,3088,3088,0,0,,,,
run_2026-07-30T11-00-12_42,stress_delay20ms_size10_q4_load90,stop_rebuild_restart,insert_stateless_node,10,25,1,2,committed,273423,20784346,21081848,0,11238,21383238,0,60226,,21323881,21323881,2,0,315,0,0,11,10,AUTO,20281,647,7265,3973,2474,43648,133199,60226,21152635,False,21329482,21329482,21329482,53756,53756,0,0,,,,
run_2026-07-30T11-00-12_42,stress_delay20ms_size10_q4_load90,pause_compile_resume,insert_stateless_node,10,25,1,2,committed,250542,20807773,21075265,0,8910,21393748,0,54248,,21359831,21359831,2,0,297,0,10,1,0,AUTO,14974,0,0,8910,2178,107451,143512,54248,21138625,False,21389588,21389588,21389588,4160,4160,0,0,,,,
run_2026-07-30T11-00-12_42,stress_delay20ms_size10_q4_load90,prepare_and_commit,insert_stateless_node,10,25,1,2,committed,472225,21549040,22564824,347035,16207,23294502,0,0,0,1056968,395110,176,171,148,0,10,1,0,AUTO,0,0,0,16207,0,0,462215,0,16207,True,22846722,22846722,22742399,552103,552103,24677,79646,,,,
run_2026-07-30T11-00-12_42,stress_delay20ms_size10_q4_load90,pause_compile_resume,insert_stateless_node,10,26,1,2,committed,191751,20824886,21035173,0,8178,21488156,0,34641,,21456354,21456354,2,0,297,0,10,1,0,AUTO,16889,0,0,8178,2401,240241,165870,34641,21078746,False,21484857,21484857,21484857,3299,3299,0,0,,,,
run_2026-07-30T11-00-12_42,stress_delay20ms_size10_q4_load90,prepare_and_commit,insert_stateless_node,10,26,1,2,committed,1212264,21104624,22981887,183474,18988,23521348,0,0,0,1107833,620357,172,164,154,0,10,1,0,AUTO,0,0,0,18988,0,0,434792,0,18988,True,22954142,22954142,22847734,673614,673614,27050,79358,,,,
run_2026-07-30T11-00-12_42,stress_delay20ms_size10_q4_load90,stop_rebuild_restart,insert_stateless_node,10,26,1,2,committed,292423,20889304,21202494,0,11150,21510656,0,58895,,21465947,21465947,2,0,323,0,0,11,10,AUTO,17648,293,7164,3986,2621,53369,137420,58895,21272334,False,21463123,21463123,21463123,47533,47533,0,0,,,,
run_2026-07-30T11-00-12_42,stress_delay20ms_size10_q4_load90,prepare_and_commit,insert_stateless_node,10,27,1,2,committed,1731150,21492764,23837839,279387,15095,24438719,0,0,0,641620,330107,184,181,148,0,10,1,0,AUTO,0,0,0,15095,0,0,415936,0,15095,True,23934332,23934332,23816723,621996,621996,22871,94738,,,,
run_2026-07-30T11-00-12_42,stress_delay20ms_size10_q4_load90,stop_rebuild_restart,insert_stateless_node,10,27,1,2,committed,215404,20898568,21133438,0,13383,21455004,0,63479,,21429122,21429122,2,0,311,0,0,11,10,AUTO,16589,387,7802,5581,2785,31709,166752,63479,21210595,False,21409056,21409056,21409056,45948,45948,0,0,,,,
run_2026-07-30T11-00-12_42,stress_delay20ms_size10_q4_load90,pause_compile_resume,insert_stateless_node,10,27,1,2,committed,276460,20861381,21158803,0,8580,21390385,0,38302,,21333483,21333483,2,0,322,0,10,1,0,AUTO,18902,0,0,8580,2139,24201,156606,38302,21205764,False,21386571,21386571,21386571,3814,3814,0,0,,,,
run_2026-07-30T11-00-12_42,stress_delay20ms_size10_q4_load90,stop_rebuild_restart,insert_stateless_node,10,28,1,2,committed,253473,20819125,21091067,0,10600,21503002,0,59168,,21461464,21461464,2,0,298,0,0,11,10,AUTO,15430,235,7299,3301,2364,149421,142947,59168,21160395,False,21452763,21452763,21452763,50239,50239,0,0,,,,
run_2026-07-30T11-00-12_42,stress_delay20ms_size10_q4_load90,pause_compile_resume,insert_stateless_node,10,28,1,2,committed,308475,20927496,21253430,0,9211,21559777,0,37886,,21491817,21491817,2,0,320,0,10,1,0,AUTO,15722,0,0,9211,2923,76639,177475,37886,21301713,False,21555827,21555827,21555827,3950,3950,0,0,,,,
run_2026-07-30T11-00-12_42,stress_delay20ms_size10_q4_load90,prepare_and_commit,insert_stateless_node,10,28,1,2,committed,571666,21099200,22444439,149382,33812,22887566,0,0,0,818089,631165,168,165,171,0,10,1,0,AUTO,0,0,0,33812,0,0,362199,0,33812,True,22216259,22216259,22104818,782748,782748,43226,68215,,,,
run_2026-07-30T11-00-12_42,stress_delay20ms_size10_q4_load90,pause_compile_resume,insert_stateless_node,10,29,1,2,committed,180858,20817941,21016764,0,8454,21309097,0,32077,,21257700,21257700,2,0,316,0,10,1,0,AUTO,16547,0,0,8454,2541,93561,154107,32077,21058418,False,21306086,21306086,21306086,3011,3011,0,0,,,,
run_2026-07-30T11-00-12_42,stress_delay20ms_size10_q4_load90,prepare_and_commit,insert_stateless_node,10,29,1,2,committed,452883,21217723,22177865,379672,13933,22885803,0,0,0,1238241,728661,167,165,139,0,10,1,0,AUTO,0,0,0,13933,0,0,417800,0,13933,True,22482011,22482011,22365233,520570,520570,22505,94273,,,,
run_2026-07-30T11-00-12_42,stress_delay20ms_size10_q4_load90,stop_rebuild_restart,insert_stateless_node,10,29,1,2,committed,258047,20925042,21203938,0,10988,21536157,0,58892,,21521061,21521061,2,0,314,0,0,11,10,AUTO,18258,316,7435,3553,2475,51751,163827,58892,21274018,False,21489596,21489596,21489596,46561,46561,0,0,,,,
run_2026-07-30T11-00-12_42,stress_delay20ms_size10_q4_load90,prepare_and_commit,insert_stateless_node,10,30,1,2,committed,412137,21044914,22214336,158810,19711,22665446,0,0,0,1279288,544749,169,167,136,0,10,1,0,AUTO,0,0,0,19711,0,0,372846,0,19711,True,22008418,22008418,21901821,763625,763625,30027,76570,,,,
run_2026-07-30T11-00-12_42,stress_delay20ms_size10_q4_load90,stop_rebuild_restart,insert_stateless_node,10,30,1,2,committed,190078,20769990,20981939,0,11677,21231993,0,57579,,21237305,21237305,1,0,305,0,0,11,10,AUTO,19138,333,7140,4537,2905,17004,118631,57579,21051700,False,21187335,21187335,21187335,44658,44658,0,0,,,,
run_2026-07-30T11-00-12_42,stress_delay20ms_size10_q4_load90,pause_compile_resume,insert_stateless_node,10,30,1,2,committed,271682,20874396,21167446,0,9484,21340822,0,30026,,21350798,21350798,1,0,294,0,10,1,0,AUTO,19544,0,0,9484,2093,27968,101900,30026,21207225,False,21337093,21337093,21337093,3729,3729,0,0,,,,
run_2026-07-30T11-00-12_42,stress_delay50ms_size10_q4_load90,stop_rebuild_restart,insert_stateless_node,10,1,1,2,committed,177367,50880823,51078971,0,12908,51588790,0,82551,,51535104,51535104,2,0,713,0,0,11,10,AUTO,17950,293,8382,4526,3177,88447,274386,82551,51175069,False,51537902,51537902,51537902,50888,50888,0,0,,,,
run_2026-07-30T11-00-12_42,stress_delay50ms_size10_q4_load90,pause_compile_resume,insert_stateless_node,10,1,1,2,committed,169981,50811490,50999850,0,8831,51347052,0,35675,,51292152,51292152,2,0,739,0,10,1,0,AUTO,16909,0,0,8831,2245,149958,148547,35675,51045131,False,51343636,51343636,51343636,3416,3416,0,0,,,,
run_2026-07-30T11-00-12_42,stress_delay50ms_size10_q4_load90,prepare_and_commit,insert_stateless_node,10,1,1,2,committed,461191,51207585,52190228,187357,26497,52715974,0,0,0,1353866,602185,400,396,359,0,10,1,0,AUTO,0,0,0,26497,0,0,419216,0,26497,True,52301846,52301846,52186349,529625,529625,36284,79213,,,,
run_2026-07-30T11-00-12_42,stress_delay50ms_size10_q4_load90,pause_compile_resume,insert_stateless_node,10,2,1,2,committed,277520,50904113,51201733,0,9903,51525636,0,32115,,51481384,51481384,2,0,719,0,10,1,0,AUTO,18531,0,0,9903,2705,130458,146835,32115,51244887,False,51522180,51522180,51522180,3456,3456,0,0,,,,
run_2026-07-30T11-00-12_42,stress_delay50ms_size10_q4_load90,prepare_and_commit,insert_stateless_node,10,2,1,2,committed,391441,51238200,52194969,191222,30070,52744446,0,0,0,705417,550150,413,409,350,0,10,1,0,AUTO,0,0,0,30070,0,0,698942,0,30070,True,52549875,52549875,52173316,571130,571130,221292,155267,,,,
run_2026-07-30T11-00-12_42,stress_delay50ms_size10_q4_load90,stop_rebuild_restart,insert_stateless_node,10,2,1,2,committed,244224,50949342,51232466,0,14702,51480201,0,62064,,51491000,51491000,1,0,709,0,0,11,10,AUTO,35333,330,9598,5104,2746,11330,111961,62064,51308741,False,51432032,51432032,51432032,48169,48169,0,0,,,,
run_2026-07-30T11-00-12_42,stress_delay50ms_size10_q4_load90,prepare_and_commit,insert_stateless_node,10,3,1,2,committed,420422,51080117,52028627,145087,18766,52469264,0,0,0,1251384,596841,414,410,377,0,10,1,0,AUTO,0,0,0,18766,0,0,384745,0,18766,True,52049137,52049137,51932887,536377,536377,29331,86919,,,,
run_2026-07-30T11-00-12_42,stress_delay50ms_size10_q4_load90,stop_rebuild_restart,insert_stateless_node,10,3,1,2,committed,270830,50881196,51171040,0,10811,51510222,0,57942,,51436237,51436237,2,0,727,0,0,11,10,AUTO,16093,326,7439,3372,2299,82753,140834,57942,51239497,False,51463084,51463084,51463084,47138,47138,0,0,,,,
run_2026-07-30T11-00-12_42,stress_delay50ms_size10_q4_load90,pause_compile_resume,insert_stateless_node,10,3,1,2,committed,180445,50827126,51023343,0,8662,51231621,0,34507,,51169629,51169629,2,0,717,0,10,1,0,AUTO,14489,0,0,8662,2395,17274,142821,34507,51067624,False,51227719,51227719,51227719,3902,3902,0,0,,,,
run_2026-07-30T11-00-12_42,stress_delay50ms_size10_q4_load90,stop_rebuild_restart,insert_stateless_node,10,4,1,2,committed,250824,50856063,51126685,0,11739,51470970,0,64790,,51453413,51453413,2,0,708,0,0,11,10,AUTO,17017,322,8206,3533,2092,52124,136345,64790,51202847,False,51391316,51391316,51391316,79654,79654,0,0,,,,
run_2026-07-30T11-00-12_42,stress_delay50ms_size10_q4_load90,pause_compile_resume,insert_stateless_node,10,4,1,2,committed,336509,51159814,51516554,0,10973,51790761,0,39610,,51782713,51782713,2,0,628,0,10,1,0,AUTO,18148,0,0,10973,2374,60199,158714,39610,51567428,False,51786341,51786341,51786341,4420,4420,0,0,,,,
run_2026-07-30T11-00-12_42,stress_delay50ms_size10_q4_load90,prepare_and_commit,insert_stateless_node,10,4,1,2,committed,477764,51737597,52722668,298157,12588,53301116,0,0,0,1525028,287307,408,408,380,0,10,1,0,AUTO,0,0,0,12588,0,0,347010,0,12588,True,52873116,52873116,52782410,518706,518706,19706,71000,,,,
run_2026-07-30T11-00-12_42,stress_delay50ms_size10_q4_load90,pause_compile_resume,insert_stateless_node,10,5,1,2,committed,256228,50852916,51128247,0,9715,51434030,0,50500,,51384976,51384976,2,0,714,0,10,1,0,AUTO,17558,0,0,9715,2249,52587,189015,50500,51189166,False,51430768,51430768,51430768,3262,3262,0,0,,,,
run_2026-07-30T11-00-12_42,stress_delay50ms_size10_q4_load90,prepare_and_commit,insert_stateless_node,10,5,1,2,committed,608966,51130152,52358751,334302,13218,53032898,0,0,0,1278817,775155,412,412,335,0,10,1,0,AUTO,0,0,0,13218,0,0,418812,0,13218,True,52505450,52505450,52402233,630665,630665,22442,80775,,,,
run_2026-07-30T11-00-12_42,stress_delay50ms_size10_q4_load90,stop_rebuild_restart,insert_stateless_node,10,5,1,2,committed,176455,50849754,51045982,0,12396,51372806,0,60122,,51322440,51322440,2,0,709,0,0,11,10,AUTO,16672,235,8409,3987,2394,70089,135866,60122,51118028,False,51323983,51323983,51323983,48823,48823,0,0,,,,
run_2026-07-30T11-00-12_42,stress_delay50ms_size10_q4_load90,prepare_and_commit,insert_stateless_node,10,6,1,2,committed,485766,51553199,52614240,271075,13585,53177032,0,0,0,1138671,302351,418,414,344,0,10,1,0,AUTO,0,0,0,13585,0,0,360401,0,13585,True,52684026,52684026,52592456,584576,584576,20747,70823,,,,
run_2026-07-30T11-00-12_42,stress_delay50ms_size10_q4_load90,stop_rebuild_restart,insert_stateless_node,10,6,1,2,committed,181654,50835582,51035879,0,12563,51459844,0,60065,,51396162,51396162,2,1,718,0,0,11,10,AUTO,16027,295,8191,4372,2931,175363,127068,60065,51109117,False,51411548,51411548,51411548,48296,48296,0,0,,,,
run_2026-07-30T11-00-12_42,stress_delay50ms_size10_q4_load90,pause_compile_resume,insert_stateless_node,10,6,1,2,committed,277118,50873165,51168885,0,9253,51420753,0,31762,,51354281,51354281,2,1,743,0,10,1,0,AUTO,17249,0,0,9253,2166,45343,161167,31762,51210713,False,51417223,51417223,51417223,3530,3530,0,0,,,,
run_2026-07-30T11-00-12_42,stress_delay50ms_size10_q4_load90,stop_rebuild_restart,insert_stateless_node,10,7,1,2,committed,206072,50785219,51011209,0,11522,51366361,0,59110,,51323319,51323319,2,0,711,0,0,11,10,AUTO,17183,266,7655,3867,2260,73010,156787,59110,51081632,False,51311429,51311429,51311429,54932,54932,0,0,,,,
run_2026-07-30T11-00-12_42,stress_delay50ms_size10_q4_load90,pause_compile_resume,insert_stateless_node,10,7,1,2,committed,258592,50834268,51111833,0,8529,51396448,0,31880,,51363156,51363156,2,0,738,0,10,1,0,AUTO,17310,0,0,8529,2191,83308,157056,31880,51152770,False,51393134,51393134,51393134,3314,3314,0,0,,,,
run_2026-07-30T11-00-12_42,stress_delay50ms_size10_q4_load90,prepare_and_commit,insert_stateless_node,10,7,1,2,committed,448515,51103876,52083638,356500,13260,52814512,0,0,0,1253147,874325,406,402,337,0,10,1,0,AUTO,0,0,0,13260,0,0,466630,0,13260,True,52388781,52388781,52272425,542087,542087,21600,94756,,,,
run_2026-07-30T11-00-12_42,stress_delay50ms_size10_q4_load90,pause_compile_resume,insert_stateless_node,10,8,1,2,committed,292618,50865936,51178152,0,8492,51467135,0,51296,,51459000,51459000,2,0,720,0,10,1,0,AUTO,17684,0,0,8492,2448,68290,156201,51296,51238474,False,51462965,51462965,51462965,4170,4170,0,0,,,,
run_2026-07-30T11-00-12_42,stress_delay50ms_size10_q4_load90,prepare_and_commit,insert_stateless_node,10,8,1,2,committed,447252,51133330,52077495,153205,19602,52570196,0,0,0,1080355,633936,409,407,340,0,10,1,0,AUTO,0,0,0,19602,0,0,431690,0,19602,True,52185079,52185079,52064435,505761,505761,29421,91223,,,,
run_2026-07-30T11-00-12_42,stress_delay50ms_size10_q4_load90,stop_rebuild_restart,insert_stateless_node,10,8,1,2,committed,211052,50828515,51072303,0,12264,51437444,0,60436,,51410476,51410476,2,0,714,0,0,11,10,AUTO,29653,304,8481,3783,2407,114482,134853,60436,51144631,False,51393966,51393966,51393966,43478,43478,0,0,,,,
run_2026-07-30T11-00-12_42,stress_delay50ms_size10_q4_load90,prepare_and_commit,insert_stateless_node,10,9,1,2,committed,441467,51138412,52123940,188222,20176,52713661,0,0,0,1356022,656950,418,414,325,0,10,1,0,AUTO,0,0,0,20176,0,0,490816,0,20176,True,52279093,52279093,52161142,552519,552519,31025,86926,,,,
run_2026-07-30T11-00-12_42,stress_delay50ms_size10_q4_load90,stop_rebuild_restart,insert_stateless_node,10,9,1,2,committed,265355,50910645,51218543,0,13748,51597379,0,71158,,51577309,51577309,2,0,740,0,0,11,10,AUTO,39547,341,10024,3724,2563,69794,173020,71158,51303357,False,51546171,51546171,51546171,51208,51208,0,0,,,,
run_2026-07-30T11-00-12_42,stress_delay50ms_size10_q4_load90,pause_compile_resume,insert_stateless_node,10,9,1,2,committed,191683,50861120,51071508,0,9187,51406892,0,32566,,51345654,51345654,2,0,704,0,10,1,0,AUTO,17125,0,0,9187,2331,123198,166190,32566,51114012,False,51403400,51403400,51403400,3492,3492,0,0,,,,
run_2026-07-30T11-00-12_42,stress_delay50ms_size10_q4_load90,stop_rebuild_restart,insert_stateless_node,10,10,1,2,committed,198625,50798927,51018056,0,11712,51317881,0,57369,,51279185,51279185,2,0,717,0,0,11,10,AUTO,17691,444,7405,4307,2562,39363,146965,57369,51087330,False,51273658,51273658,51273658,44223,44223,0,0,,,,
run_2026-07-30T11-00-12_42,stress_delay50ms_size10_q4_load90,pause_compile_resume,insert_stateless_node,10,10,1,2,committed,310075,50832017,51171069,0,9489,51365048,0,31272,,51384306,51384306,1,0,716,0,10,1,0,AUTO,26624,0,0,9489,19733,8800,122594,31272,51229210,False,51360604,51360604,51360604,4444,4444,0,0,,,,
run_2026-07-30T11-00-12_42,stress_delay50ms_size10_q4_load90,prepare_and_commit,insert_stateless_node,10,10,1,2,committed,722495,51519336,52734117,355629,41913,53473591,0,0,0,484129,395342,416,412,350,0,10,1,0,AUTO,0,0,0,41913,0,0,463497,0,41913,True,53102870,53102870,52972943,500648,500648,50748,79179,,,,
run_2026-07-30T11-00-12_42,stress_delay50ms_size10_q4_load90,pause_compile_resume,insert_stateless_node,10,11,1,2,committed,239353,50862484,51119737,0,9250,51295494,0,33305,,51230816,51230816,2,1,734,0,10,1,0,AUTO,15832,0,0,9250,2453,7485,120967,33305,51162677,False,51291129,51291129,51291129,4365,4365,0,0,,,,
run_2026-07-30T11-00-12_42,stress_delay50ms_size10_q4_load90,prepare_and_commit,insert_stateless_node,10,11,1,2,committed,418438,50951299,52309033,146314,17709,52771896,0,0,0,1435530,588848,401,401,323,0,10,1,0,AUTO,0,0,0,17709,0,0,411467,0,17709,True,51945227,51945227,51822106,949790,949790,27923,95198,,,,
run_2026-07-30T11-00-12_42,stress_delay50ms_size10_q4_load90,stop_rebuild_restart,insert_stateless_node,10,11,1,2,committed,277174,50904469,51203185,0,12145,51576709,0,60953,,51542200,51542200,2,0,738,0,0,11,10,AUTO,18560,360,8169,3976,2380,114806,139035,60953,51276041,False,51529882,51529882,51529882,46827,46827,0,0,,,,
run_2026-07-30T11-00-12_42,stress_delay50ms_size10_q4_load90,prepare_and_commit,insert_stateless_node,10,12,1,2,committed,465747,51265804,52726323,369450,13105,53421867,0,0,0,783744,698316,414,407,398,0,10,1,0,AUTO,0,0,0,13105,0,0,410342,0,13105,True,52524448,52524448,52417290,1004577,1004577,21730,85428,,,,
run_2026-07-30T11-00-12_42,stress_delay50ms_size10_q4_load90,stop_rebuild_restart,insert_stateless_node,10,12,1,2,committed,207948,50862409,51089700,0,12411,51390880,0,59584,,51348241,51348241,2,0,736,0,0,11,10,AUTO,16285,247,8175,4236,2391,43747,138231,59584,51161275,False,51343253,51343253,51343253,47627,47627,0,0,,,,
run_2026-07-30T11-00-12_42,stress_delay50ms_size10_q4_load90,pause_compile_resume,insert_stateless_node,10,12,1,2,committed,216252,50862566,51099433,0,7778,51294769,0,29634,,51304730,51304730,1,0,720,0,10,1,0,AUTO,18996,0,0,7778,2647,35030,118686,29634,51137873,False,51291589,51291589,51291589,3180,3180,0,0,,,,
run_2026-07-30T11-00-12_42,stress_delay50ms_size10_q4_load90,stop_rebuild_restart,insert_stateless_node,10,13,1,2,committed,261865,50834146,51115494,0,11388,51523063,0,61365,,51498051,51498051,2,0,723,0,0,11,10,AUTO,16534,410,7656,3732,2346,139439,149204,61365,51188054,False,51476697,51476697,51476697,46366,46366,0,0,,,,
run_2026-07-30T11-00-12_42,stress_delay50ms_size10_q4_load90,pause_compile_resume,insert_stateless_node,10,13,1,2,committed,280779,50882172,51182079,0,8010,51442668,0,32577,,51398321,51398321,2,0,745,0,10,1,0,AUTO,17410,0,0,8010,2182,63262,152994,32577,51223130,False,51439386,51439386,51439386,3282,3282,0,0,,,,
run_2026-07-30T11-00-12_42,stress_delay50ms_size10_q4_load90,prepare_and_commit,insert_stateless_node,10,13,1,2,committed,528677,51083488,52700084,159905,19322,53167341,0,0,0,632506,562863,419,412,388,0,10,1,0,AUTO,0,0,0,19322,0,0,377231,0,19322,True,52168623,52168623,52069377,1097964,1097964,29603,69643,,,,
run_2026-07-30T11-00-12_42,stress_delay50ms_size10_q4_load90,pause_compile_resume,insert_stateless_node,10,14,1,2,committed,225936,50889833,51135877,0,8171,51428072,0,31524,,51438873,51438873,1,0,713,0,10,1,0,AUTO,18528,0,0,8171,2367,79391,168844,31524,51176359,False,51424594,51424594,51424594,3478,3478,0,0,,,,
run_2026-07-30T11-00-12_42,stress_delay50ms_size10_q4_load90,prepare_and_commit,insert_stateless_node,10,14,1,2,committed,446483,51106158,52441255,220049,19426,52890712,0,0,0,621037,576709,418,410,338,0,10,1,0,AUTO,0,0,0,19426,0,0,437897,0,19426,True,52230013,52230013,51994122,896590,896590,191563,44328,,,,
run_2026-07-30T11-00-12_42,stress_delay50ms_size10_q4_load90,stop_rebuild_restart,insert_stateless_node,10,14,1,2,committed,210858,50822027,51051375,0,11676,51307303,0,56438,,51286425,51286425,2,0,739,0,0,11,10,AUTO,15772,245,7313,4363,2811,17316,121009,56438,51119827,False,51258152,51258152,51258152,49151,49151,0,0,,,,
run_2026-07-30T11-00-12_42,stress_delay50ms_size10_q4_load90,prepare_and_commit,insert_stateless_node,10,15,1,2,committed,458974,51133233,52114280,174501,18928,52584934,0,0,0,1373352,591107,406,402,344,0,10,1,0,AUTO,0,0,0,18928,0,0,368137,0,18928,True,52153773,52153773,52053708,531226,531226,30168,69897,,,,
run_2026-07-30T11-00-12_42,stress_delay50ms_size10_q4_load90,stop_rebuild_restart,insert_stateless_node,10,15,1,2,committed,191376,50894254,51104320,0,11494,51530951,0,74397,,51465952,51465952,2,1,733,0,0,11,10,AUTO,16060,254,8007,3487,2985,142934,149185,74397,51190820,False,51482939,51482939,51482939,48012,48012,0,0,,,,
run_2026-07-30T11-00-12_42,stress_delay50ms_size10_q4_load90,pause_compile_resume,insert_stateless_node,10,15,1,2,committed,284867,50874544,51180262,0,9558,51376457,0,32046,,51338805,51338805,2,0,747,0,10,1,0,AUTO,18616,0,0,9558,2532,26112,123770,32046,51222163,False,51372045,51372045,51372045,4412,4412,0,0,,,,
run_2026-07-30T11-00-12_42,stress_delay50ms_size10_q4_load90,stop_rebuild_restart,insert_stateless_node,10,16,1,2,committed,186518,50983153,51193415,0,12073,51583819,0,53191,,51584247,51584247,1,0,708,0,0,11,10,AUTO,20718,301,8326,3747,2166,101690,175595,53191,51258120,False,51535405,51535405,51535405,48414,48414,0,0,,,,
run_2026-07-30T11-00-12_42,stress_delay50ms_size10_q4_load90,pause_compile_resume,insert_stateless_node,10,16,1,2,committed,191495,50864634,51074121,0,10030,51330418,0,31657,,51260023,51260023,2,0,713,0,10,1,0,AUTO,16557,0,0,10030,2591,42331,167654,31657,51116964,False,51326949,51326949,51326949,3469,3469,0,0,,,,
run_2026-07-30T11-00-12_42,stress_delay50ms_size10_q4_load90,prepare_and_commit,insert_stateless_node,10,16,1,2,committed,474104,51139483,52126815,156830,18776,52624957,0,0,0,1299330,613210,416,412,338,0,10,1,0,AUTO,0,0,0,18776,0,0,421747,0,18776,True,52210940,52210940,52103263,521694,521694,29401,78276,,,,
run_2026-07-30T11-00-12_42,stress_delay50ms_size10_q4_load90,pause_compile_resume,insert_stateless_node,10,17,1,2,committed,186053,50784688,50988993,0,10833,51261471,0,33332,,51246286,51246286,2,0,732,0,10,1,0,AUTO,16534,0,0,10833,2320,52592,171716,33332,51033760,False,51258068,51258068,51258068,3403,3403,0,0,,,,
run_2026-07-30T11-00-12_42,stress_delay50ms_size10_q4_load90,prepare_and_commit,insert_stateless_node,10,17,1,2,committed,751595,51187219,52460068,180205,26688,52933916,0,0,0,1323692,583892,411,406,347,0,10,1,0,AUTO,0,0,0,26688,0,0,374728,0,26688,True,52520435,52520435,52404083,529833,529833,37428,78924,,,,
run_2026-07-30T11-00-12_42,stress_delay50ms_size10_q4_load90,stop_rebuild_restart,insert_stateless_node,10,17,1,2,committed,188353,50919456,51126261,0,10498,51511714,0,60008,,51504211,51504211,2,0,719,0,0,11,10,AUTO,15956,362,6898,3600,2387,127857,141396,60008,51197020,False,51466273,51466273,51466273,45441,45441,0,0,,,,
run_2026-07-30T11-00-12_42,stress_delay50ms_size10_q4_load90,prepare_and_commit,insert_stateless_node,10,18,1,2,committed,434137,51574611,52495813,338578,11352,53104343,0,0,0,701054,281358,416,412,370,0,10,1,0,AUTO,0,0,0,11352,0,0,338304,0,11352,True,52696982,52696982,52608486,495857,495857,19307,69189,,,,
run_2026-07-30T11-00-12_42,stress_delay50ms_size10_q4_load90,stop_rebuild_restart,insert_stateless_node,10,18,1,2,committed,189656,50813520,51022399,0,11645,51349996,0,58658,,51297431,51297431,2,0,739,0,0,11,10,AUTO,16553,240,8005,3640,2671,51114,161580,58658,51092943,False,51305637,51305637,51305637,44359,44359,0,0,,,,
run_2026-07-30T11-00-12_42,stress_delay50ms_size10_q4_load90,pause_compile_resume,insert_stateless_node,10,18,1,2,committed,270542,50868506,51157951,0,9276,51449459,0,31136,,51394882,51394882,2,0,740,0,10,1,0,AUTO,17439,0,0,9276,2123,101152,146018,31136,51199022,False,51446192,51446192,51446192,3267,3267,0,0,,,,
run_2026-07-30T11-00-12_42,stress_delay50ms_size10_q4_load90,stop_rebuild_restart,insert_stateless_node,10,19,1,2,committed,182799,50968843,51170422,0,12429,51613982,0,66929,,51565548,51565548,2,0,717,0,0,11,10,AUTO,15976,346,7929,4500,2575,155339,157143,66929,51249897,False,51562379,51562379,51562379,51603,51603,0,0,,,,
run_2026-07-30T11-00-12_42,stress_delay50ms_size10_q4_load90,pause_compile_resume,insert_stateless_node,10,19,1,2,committed,239185,50807968,51064710,0,8138,51368763,0,30368,,51329508,51329508,2,0,738,0,10,1,0,AUTO,15845,0,0,8138,2535,91628,169639,30368,51104039,False,51365306,51365306,51365306,3457,3457,0,0,,,,
run_2026-07-30T11-00-12_42,stress_delay50ms_size10_q4_load90,prepare_and_commit,insert_stateless_node,10,19,1,2,committed,1009910,51438162,53243559,175447,44907,53868864,0,0,0,1152837,669018,426,417,373,0,10,1,0,AUTO,0,0,0,44907,0,0,601861,0,44907,True,53270287,53270287,53064858,804006,804006,125946,79483,,,,
run_2026-07-30T11-00-12_42,stress_delay50ms_size10_q4_load90,pause_compile_resume,insert_stateless_node,10,20,1,2,committed,283139,50842296,51144365,0,8885,51394860,0,34431,,51360106,51360106,2,0,734,0,10,1,0,AUTO,17376,0,0,8885,2440,53475,149512,34431,51188567,False,51391554,51391554,51391554,3306,3306,0,0,,,,
run_2026-07-30T11-00-12_42,stress_delay50ms_size10_q4_load90,prepare_and_commit,insert_stateless_node,10,20,1,2,committed,2589402,51102048,54518885,168383,18066,54978189,0,0,0,1083459,553433,431,423,371,0,10,1,0,AUTO,0,0,0,18066,0,0,362074,0,18066,True,54239973,54239973,54142080,836109,836109,28333,69560,,,,
run_2026-07-30T11-00-12_42,stress_delay50ms_size10_q4_load90,stop_rebuild_restart,insert_stateless_node,10,20,1,2,committed,284034,50870755,51175350,0,12406,51502827,0,57771,,51486437,51486437,2,0,746,0,0,11,10,AUTO,17817,246,8667,3739,2519,66426,139580,57771,51245548,False,51451554,51451554,51451554,51273,51273,0,0,,,,
run_2026-07-30T11-00-12_42,stress_delay50ms_size10_q4_load90,prepare_and_commit,insert_stateless_node,10,21,1,2,committed,587517,51155656,52289942,214719,16948,52932517,0,0,0,1162666,856287,410,405,345,0,10,1,0,AUTO,0,0,0,16948,0,0,509050,0,16948,True,52483890,52483890,52376532,555985,555985,26667,80691,,,,
run_2026-07-30T11-00-12_42,stress_delay50ms_size10_q4_load90,stop_rebuild_restart,insert_stateless_node,10,21,1,2,committed,299377,50872199,51200962,0,11053,51540365,0,57048,,51566608,51566608,1,0,747,0,0,11,10,AUTO,25779,227,7064,3989,2158,58625,162718,57048,51267841,False,51489184,51489184,51489184,51181,51181,0,0,,,,
run_2026-07-30T11-00-12_42,stress_delay50ms_size10_q4_load90,pause_compile_resume,insert_stateless_node,10,21,1,2,committed,229554,50866270,51116970,0,9020,51287251,0,28340,,51297920,51297920,1,0,713,0,10,1,0,AUTO,19348,0,0,9020,1977,18163,110978,28340,51154509,False,51283650,51283650,51283650,3601,3601,0,0,,,,
run_2026-07-30T11-00-12_42,stress_delay50ms_size10_q4_load90,stop_rebuild_restart,insert_stateless_node,10,22,1,2,committed,264675,50879846,51165543,0,11097,51528148,0,56670,,51452881,51452881,2,1,728,0,0,11,10,AUTO,17457,301,7604,3493,3104,117107,130234,56670,51233150,False,51480491,51480491,51480491,47657,47657,0,0,,,,
run_2026-07-30T11-00-12_42,stress_delay50ms_size10_q4_load90,pause_compile_resume,insert_stateless_node,10,22,1,2,committed,199661,50814735,51034836,0,8724,51260522,0,32437,,51238008,51238008,2,0,737,0,10,1,0,AUTO,18635,0,0,8724,2151,12909,167529,32437,51076343,False,51256781,51256781,51256781,3741,3741,0,0,,,,
run_2026-07-30T11-00-12_42,stress_delay50ms_size10_q4_load90,prepare_and_commit,insert_stateless_node,10,22,1,2,committed,785152,51223563,52805772,176172,19296,53357696,0,0,0,801357,703716,421,413,354,0,10,1,0,AUTO,0,0,0,19296,0,0,474123,0,19296,True,52678306,52678306,52551909,805787,805787,28756,97641,,,,
run_2026-07-30T11-00-12_42,stress_delay50ms_size10_q4_load90,pause_compile_resume,insert_stateless_node,10,23,1,2,committed,307270,50835234,51161194,0,9363,51460702,0,33518,,51401904,51401904,2,0,741,0,10,1,0,AUTO,17134,0,0,9363,2103,94412,157698,33518,51204622,False,51456732,51456732,51456732,3970,3970,0,0,,,,
run_2026-07-30T11-00-12_42,stress_delay50ms_size10_q4_load90,prepare_and_commit,insert_stateless_node,10,23,1,2,committed,462550,51277024,52334256,247305,28207,52944176,0,0,0,3530044,367891,392,392,307,0,10,1,0,AUTO,0,0,0,28207,0,0,438865,0,28207,True,52453951,52453951,52335556,608620,608620,35957,82438,,,,
run_2026-07-30T11-00-12_42,stress_delay50ms_size10_q4_load90,stop_rebuild_restart,insert_stateless_node,10,23,1,2,committed,277067,50867841,51164482,0,13449,51459432,0,56518,,51442102,51442102,2,0,737,0,0,11,10,AUTO,16875,323,9756,3693,2673,23698,155247,56518,51234746,False,51413691,51413691,51413691,45741,45741,0,0,,,,
run_2026-07-30T11-00-12_42,stress_delay50ms_size10_q4_load90,prepare_and_commit,insert_stateless_node,10,24,1,2,committed,456605,51612016,52723244,361336,41535,53626493,0,0,0,1147568,550861,405,405,382,0,10,1,0,AUTO,0,0,0,41535,0,0,634065,0,41535,True,53105557,53105557,52963007,663486,663486,49546,93004,,,,
run_2026-07-30T11-00-12_42,stress_delay50ms_size10_q4_load90,stop_rebuild_restart,insert_stateless_node,10,24,1,2,committed,205365,50852780,51077243,0,14257,51503366,0,60896,,51470531,51470531,2,0,708,0,0,11,10,AUTO,16274,360,10115,4142,2578,126895,159018,60896,51152510,False,51438423,51438423,51438423,64943,64943,0,0,,,,
run_2026-07-30T11-00-12_42,stress_delay50ms_size10_q4_load90,pause_compile_resume,insert_stateless_node,10,24,1,2,committed,255214,50851654,51124381,0,8329,51434141,0,34407,,51405404,51405404,2,0,713,0,10,1,0,AUTO,15972,0,0,8329,2114,123624,139268,34407,51167690,False,51430582,51430582,51430582,3559,3559,0,0,,,,
run_2026-07-30T11-00-12_42,stress_delay50ms_size10_q4_load90,stop_rebuild_restart,insert_stateless_node,10,25,1,2,committed,177426,50819669,51016243,0,12690,51355457,0,64900,,51304427,51304427,2,0,719,0,0,11,10,AUTO,15520,278,8517,4173,2364,59734,153574,64900,51092847,False,51306155,51306155,51306155,49302,49302,0,0,,,,
run_2026-07-30T11-00-12_42,stress_delay50ms_size10_q4_load90,pause_compile_resume,insert_stateless_node,10,25,1,2,committed,270987,50850075,51140398,0,8550,51317912,0,28663,,51322545,51322545,1,0,713,0,10,1,0,AUTO,17847,0,0,8550,2629,16411,119488,28663,51178751,False,51314650,51314650,51314650,3262,3262,0,0,,,,
run_2026-07-30T11-00-12_42,stress_delay50ms_size10_q4_load90,prepare_and_commit,insert_stateless_node,10,25,1,2,committed,813140,51323505,52846939,147365,13329,53339374,0,0,0,675395,595569,396,393,372,0,10,1,0,AUTO,0,0,0,13329,0,0,424405,0,13329,True,52721744,52721744,52620975,718399,718399,20943,79826,,,,
run_2026-07-30T11-00-12_42,stress_delay50ms_size10_q4_load90,pause_compile_resume,insert_stateless_node,10,26,1,2,committed,266999,50835297,51120256,0,8694,51349952,0,33304,,51328281,51328281,2,0,718,0,10,1,0,AUTO,16351,0,0,8694,2171,17039,166291,33304,51162816,False,51346146,51346146,51346146,3806,3806,0,0,,,,
run_2026-07-30T11-00-12_42,stress_delay50ms_size10_q4_load90,prepare_and_commit,insert_stateless_node,10,26,1,2,committed,632848,51050936,52324648,146953,17933,52772992,0,0,0,863735,603776,415,415,325,0,10,1,0,AUTO,0,0,0,17933,0,0,383132,0,17933,True,52231802,52231802,52121407,651585,651585,27553,82842,,,,
run_2026-07-30T11-00-12_42,stress_delay50ms_size10_q4_load90,stop_rebuild_restart,insert_stateless_node,10,26,1,2,committed,284428,50918635,51222294,0,13602,51689232,0,57730,,51639342,51639342,2,0,744,0,0,11,10,AUTO,16222,286,8849,4753,2487,191851,156190,57730,51293390,False,51641431,51641431,51641431,47801,47801,0,0,,,,
run_2026-07-30T11-00-12_42,stress_delay50ms_size10_q4_load90,prepare_and_commit,insert_stateless_node,10,27,1,2,committed,428652,51551255,52513136,218586,17519,52948253,0,0,0,1266773,464566,410,406,377,0,10,1,0,AUTO,0,0,0,17519,0,0,443305,0,17519,True,52659317,52659317,52407000,541253,541253,210149,42168,,,,
run_2026-07-30T11-00-12_42,stress_delay50ms_size10_q4_load90,stop_rebuild_restart,insert_stateless_node,10,27,1,2,committed,264738,50873997,51157190,0,12956,51589811,0,53172,,51512893,51512893,2,1,746,0,0,11,10,AUTO,15707,263,8426,4530,2127,182495,135728,53172,51222960,False,51541183,51541183,51541183,48628,48628,0,0,,,,
run_2026-07-30T11-00-12_42,stress_delay50ms_size10_q4_load90,pause_compile_resume,insert_stateless_node,10,27,1,2,committed,298320,50877354,51195328,0,8104,51489038,0,32805,,51459999,51459999,2,0,738,0,10,1,0,AUTO,17990,0,0,8104,2672,91261,157059,32805,51237245,False,51485565,51485565,51485565,3473,3473,0,0,,,,
run_2026-07-30T11-00-12_42,stress_delay50ms_size10_q4_load90,stop_rebuild_restart,insert_stateless_node,10,28,1,2,committed,214715,50905065,51140439,0,11176,51563682,0,64726,,51542411,51542411,2,0,737,0,0,11,10,AUTO,17717,399,7620,3556,2424,142734,156166,64726,51216222,False,51515122,51515122,51515122,48560,48560,0,0,,,,
run_2026-07-30T11-00-12_42,stress_delay50ms_size10_q4_load90,pause_compile_resume,insert_stateless_node,10,28,1,2,committed,185373,50821967,51024409,0,8327,51274229,0,28869,,51210326,51210326,2,0,715,0,10,1,0,AUTO,15703,0,0,8327,2334,34298,173805,28869,51062573,False,51270676,51270676,51270676,3553,3553,0,0,,,,
run_2026-07-30T11-00-12_42,stress_delay50ms_size10_q4_load90,prepare_and_commit,insert_stateless_node,10,28,1,2,committed,484015,51201615,52205696,160004,19044,52695086,0,0,0,790591,674494,412,408,376,0,10,1,0,AUTO,0,0,0,19044,0,0,410900,0,19044,True,52275578,52275578,52166667,528419,528419,30112,78799,,,,
run_2026-07-30T11-00-12_42,stress_delay50ms_size10_q4_load90,pause_compile_resume,insert_stateless_node,10,29,1,2,committed,205505,50830278,51052748,0,7900,51334886,0,31261,,51264681,51264681,2,0,715,0,10,1,0,AUTO,15558,0,0,7900,2220,83199,155841,31261,51092722,False,51331762,51331762,51331762,3124,3124,0,0,,,,
run_2026-07-30T11-00-12_42,stress_delay50ms_size10_q4_load90,prepare_and_commit,insert_stateless_node,10,29,1,2,committed,743002,51386839,52675543,339307,13602,53348104,0,0,0,2434741,821316,411,406,341,0,10,1,0,AUTO,0,0,0,13602,0,0,417023,0,13602,True,52899773,52899773,52793776,554328,554328,24122,81875,,,,
run_2026-07-30T11-00-12_42,stress_delay50ms_size10_q4_load90,stop_rebuild_restart,insert_stateless_node,10,29,1,2,committed,306402,50884759,51220062,0,11352,51619031,0,61529,,51641593,51641593,1,0,739,0,0,11,10,AUTO,25531,470,7911,3441,2340,128394,153155,61529,51292383,False,51573932,51573932,51573932,45099,45099,0,0,,,,
run_2026-07-30T11-00-12_42,stress_delay50ms_size10_q4_load90,prepare_and_commit,insert_stateless_node,10,30,1,2,committed,443530,51572617,52582105,303628,12454,53078350,0,0,0,1273307,200287,416,411,344,0,10,1,0,AUTO,0,0,0,12454,0,0,231953,0,12454,True,52564182,52564182,52504091,574259,574259,18994,41097,,,,
run_2026-07-30T11-00-12_42,stress_delay50ms_size10_q4_load90,stop_rebuild_restart,insert_stateless_node,10,30,1,2,committed,183050,50905935,51107869,0,29658,51435322,0,59891,,51417773,51417773,2,0,733,0,0,11,10,AUTO,16108,385,21660,7998,3366,15398,175170,59891,51198393,False,51388961,51388961,51388961,46361,46361,0,0,,,,
run_2026-07-30T11-00-12_42,stress_delay50ms_size10_q4_load90,pause_compile_resume,insert_stateless_node,10,30,1,2,committed,275301,50997340,51292756,0,10180,51779998,0,37677,,51712299,51712299,2,0,720,0,10,1,0,AUTO,18141,0,0,10180,2910,255957,178590,37677,51341549,False,51776096,51776096,51776096,3902,3902,0,0,,,,
