run_id,scenario_id,topology,workload_id,implementation,repetition,execution_order_position,operations,elapsed_ns,normalized_ns_per_frame,frames_completed,plan_version
run_2026-07-30T11-00-12_42,steady_state_linear_5_minimal,linear_5,minimal,hard_coded,1,1,9988,33809413,3385.003303964758,9988,1
run_2026-07-30T11-00-12_42,steady_state_linear_5_minimal,linear_5,minimal,static_compiled,1,2,9988,119514864,11965.845414497397,9988,1
run_2026-07-30T11-00-12_42,steady_state_linear_5_minimal,linear_5,minimal,versioned_compiled,1,3,9988,182177084,18239.595915098118,9988,1
run_2026-07-30T11-00-12_42,steady_state_linear_5_minimal,linear_5,minimal,versioned_compiled,2,1,9988,186805046,18702.948137765317,9988,1
run_2026-07-30T11-00-12_42,steady_state_linear_5_minimal,linear_5,minimal,static_compiled,2,2,9988,116723734,11686.39707649179,9988,1
run_2026-07-30T11-00-12_42,steady_state_linear_5_minimal,linear_5,minimal,hard_coded,2,3,9988,35478912,3552.1537845414496,9988,1
run_2026-07-30T11-00-12_42,steady_state_linear_5_minimal,linear_5,minimal,static_compiled,3,1,9988,125612246,12576.316179415298,9988,1
run_2026-07-30T11-00-12_42,steady_state_linear_5_minimal,linear_5,minimal,hard_coded,3,2,9988,63625059,6370.150080096116,9988,1
run_2026-07-30T11-00-12_42,steady_state_linear_5_minimal,linear_5,minimal,versioned_compiled,3,3,9988,214927959,21518.618241890268,9988,1
run_2026-07-30T11-00-12_42,steady_state_linear_5_minimal,linear_5,minimal,hard_coded,4,1,9988,34394918,3443.6241489787744,9988,1
run_2026-07-30T11-00-12_42,steady_state_linear_5_minimal,linear_5,minimal,static_compiled,4,2,9988,123173233,12332.12184621546,9988,1
run_2026-07-30T11-00-12_42,steady_state_linear_5_minimal,linear_5,minimal,versioned_compiled,4,3,9988,170757614,17096.276932318782,9988,1
run_2026-07-30T11-00-12_42,steady_state_linear_5_minimal,linear_5,minimal,versioned_compiled,5,1,9988,196004115,19623.960252302764,9988,1
run_2026-07-30T11-00-12_42,steady_state_linear_5_minimal,linear_5,minimal,static_compiled,5,2,9988,127047692,12720.033239887865,9988,1
run_2026-07-30T11-00-12_42,steady_state_linear_5_minimal,linear_5,minimal,hard_coded,5,3,9988,34924316,3496.6275530636763,9988,1
run_2026-07-30T11-00-12_42,steady_state_linear_5_minimal,linear_5,minimal,static_compiled,6,1,9988,118151056,11829.300760913096,9988,1
run_2026-07-30T11-00-12_42,steady_state_linear_5_minimal,linear_5,minimal,hard_coded,6,2,9988,33019609,3305.9280136163397,9988,1
run_2026-07-30T11-00-12_42,steady_state_linear_5_minimal,linear_5,minimal,versioned_compiled,6,3,9988,190311863,19054.051161393672,9988,1
run_2026-07-30T11-00-12_42,steady_state_linear_5_minimal,linear_5,minimal,hard_coded,7,1,9988,34163978,3420.50240288346,9988,1
run_2026-07-30T11-00-12_42,steady_state_linear_5_minimal,linear_5,minimal,static_compiled,7,2,9988,124692531,12484.23418101722,9988,1
run_2026-07-30T11-00-12_42,steady_state_linear_5_minimal,linear_5,minimal,versioned_compiled,7,3,9988,215269058,21552.76912294754,9988,1
run_2026-07-30T11-00-12_42,steady_state_linear_5_minimal,linear_5,minimal,versioned_compiled,8,1,9988,181034826,18125.232879455347,9988,1
run_2026-07-30T11-00-12_42,steady_state_linear_5_minimal,linear_5,minimal,static_compiled,8,2,9988,132944683,13310.440828994793,9988,1
run_2026-07-30T11-00-12_42,steady_state_linear_5_minimal,linear_5,minimal,hard_coded,8,3,9988,35109195,3515.1376651982378,9988,1
run_2026-07-30T11-00-12_42,steady_state_linear_5_minimal,linear_5,minimal,static_compiled,9,1,9988,126590576,12674.266720064077,9988,1
run_2026-07-30T11-00-12_42,steady_state_linear_5_minimal,linear_5,minimal,hard_coded,9,2,9988,32671034,3271.0286343612333,9988,1
run_2026-07-30T11-00-12_42,steady_state_linear_5_minimal,linear_5,minimal,versioned_compiled,9,3,9988,217651776,21791.327192631157,9988,1
run_2026-07-30T11-00-12_42,steady_state_linear_5_minimal,linear_5,minimal,hard_coded,10,1,9988,41678784,4172.885863035643,9988,1
run_2026-07-30T11-00-12_42,steady_state_linear_5_minimal,linear_5,minimal,static_compiled,10,2,9988,121390098,12153.594112935523,9988,1
run_2026-07-30T11-00-12_42,steady_state_linear_5_minimal,linear_5,minimal,versioned_compiled,10,3,9988,175832669,17604.392170604726,9988,1
run_2026-07-30T11-00-12_42,steady_state_linear_5_minimal,linear_5,minimal,versioned_compiled,11,1,9988,196971857,19720.850720865037,9988,1
run_2026-07-30T11-00-12_42,steady_state_linear_5_minimal,linear_5,minimal,static_compiled,11,2,9988,121278101,12142.380957148578,9988,1
run_2026-07-30T11-00-12_42,steady_state_linear_5_minimal,linear_5,minimal,hard_coded,11,3,9988,33829345,3386.998898678414,9988,1
run_2026-07-30T11-00-12_42,steady_state_linear_5_minimal,linear_5,minimal,static_compiled,12,1,9988,136556758,13672.08229875851,9988,1
run_2026-07-30T11-00-12_42,steady_state_linear_5_minimal,linear_5,minimal,hard_coded,12,2,9988,36870556,3691.485382458951,9988,1
run_2026-07-30T11-00-12_42,steady_state_linear_5_minimal,linear_5,minimal,versioned_compiled,12,3,9988,186123613,18634.722967561072,9988,1
run_2026-07-30T11-00-12_42,steady_state_linear_5_minimal,linear_5,minimal,hard_coded,13,1,9988,33722892,3376.340808970765,9988,1
run_2026-07-30T11-00-12_42,steady_state_linear_5_minimal,linear_5,minimal,static_compiled,13,2,9988,119459751,11960.32749299159,9988,1
run_2026-07-30T11-00-12_42,steady_state_linear_5_minimal,linear_5,minimal,versioned_compiled,13,3,9988,172702322,17290.981377653185,9988,1
run_2026-07-30T11-00-12_42,steady_state_linear_5_minimal,linear_5,minimal,versioned_compiled,14,1,9988,226837771,22711.030336403684,9988,1
run_2026-07-30T11-00-12_42,steady_state_linear_5_minimal,linear_5,minimal,static_compiled,14,2,9988,118655266,11879.782338806568,9988,1
run_2026-07-30T11-00-12_42,steady_state_linear_5_minimal,linear_5,minimal,hard_coded,14,3,9988,42402106,4245.304965959151,9988,1
run_2026-07-30T11-00-12_42,steady_state_linear_5_minimal,linear_5,minimal,static_compiled,15,1,9988,121433482,12157.937725270325,9988,1
run_2026-07-30T11-00-12_42,steady_state_linear_5_minimal,linear_5,minimal,hard_coded,15,2,9988,34965534,3500.7543051661996,9988,1
run_2026-07-30T11-00-12_42,steady_state_linear_5_minimal,linear_5,minimal,versioned_compiled,15,3,9988,179765862,17998.18402082499,9988,1
run_2026-07-30T11-00-12_42,steady_state_linear_5_minimal,linear_5,minimal,hard_coded,16,1,9988,32740064,3277.9399279134964,9988,1
run_2026-07-30T11-00-12_42,steady_state_linear_5_minimal,linear_5,minimal,static_compiled,16,2,9988,138596694,13876.32098518222,9988,1
run_2026-07-30T11-00-12_42,steady_state_linear_5_minimal,linear_5,minimal,versioned_compiled,16,3,9988,175243173,17545.371746095316,9988,1
run_2026-07-30T11-00-12_42,steady_state_linear_5_minimal,linear_5,minimal,versioned_compiled,17,1,9988,183945580,18416.657989587504,9988,1
run_2026-07-30T11-00-12_42,steady_state_linear_5_minimal,linear_5,minimal,static_compiled,17,2,9988,132605963,13276.528133760512,9988,1
run_2026-07-30T11-00-12_42,steady_state_linear_5_minimal,linear_5,minimal,hard_coded,17,3,9988,38123140,3816.8942731277534,9988,1
run_2026-07-30T11-00-12_42,steady_state_linear_5_minimal,linear_5,minimal,static_compiled,18,1,9988,120946548,12109.185822987585,9988,1
run_2026-07-30T11-00-12_42,steady_state_linear_5_minimal,linear_5,minimal,hard_coded,18,2,9988,32692213,3273.1490788946735,9988,1
run_2026-07-30T11-00-12_42,steady_state_linear_5_minimal,linear_5,minimal,versioned_compiled,18,3,9988,169724973,16992.888766519824,9988,1
run_2026-07-30T11-00-12_42,steady_state_linear_5_minimal,linear_5,minimal,hard_coded,19,1,9988,32319753,3235.858329995995,9988,1
run_2026-07-30T11-00-12_42,steady_state_linear_5_minimal,linear_5,minimal,static_compiled,19,2,9988,118694008,11883.661193432119,9988,1
run_2026-07-30T11-00-12_42,steady_state_linear_5_minimal,linear_5,minimal,versioned_compiled,19,3,9988,176534335,17674.643071686023,9988,1
run_2026-07-30T11-00-12_42,steady_state_linear_5_minimal,linear_5,minimal,versioned_compiled,20,1,9988,214949902,21520.815178213856,9988,1
run_2026-07-30T11-00-12_42,steady_state_linear_5_minimal,linear_5,minimal,static_compiled,20,2,9988,133921214,13408.211253504205,9988,1
run_2026-07-30T11-00-12_42,steady_state_linear_5_minimal,linear_5,minimal,hard_coded,20,3,9988,31956798,3199.519223067681,9988,1
run_2026-07-30T11-00-12_42,steady_state_linear_5_minimal,linear_5,minimal,static_compiled,21,1,9988,133502620,13366.301561874248,9988,1
run_2026-07-30T11-00-12_42,steady_state_linear_5_minimal,linear_5,minimal,hard_coded,21,2,9988,38266600,3831.257509010813,9988,1
run_2026-07-30T11-00-12_42,steady_state_linear_5_minimal,linear_5,minimal,versioned_compiled,21,3,9988,181526383,18174.447637164598,9988,1
run_2026-07-30T11-00-12_42,steady_state_linear_5_minimal,linear_5,minimal,hard_coded,22,1,9988,38429573,3847.5743892671208,9988,1
run_2026-07-30T11-00-12_42,steady_state_linear_5_minimal,linear_5,minimal,static_compiled,22,2,9988,119197638,11934.08470164197,9988,1
run_2026-07-30T11-00-12_42,steady_state_linear_5_minimal,linear_5,minimal,versioned_compiled,22,3,9988,186209270,18643.2989587505,9988,1
run_2026-07-30T11-00-12_42,steady_state_linear_5_minimal,linear_5,minimal,versioned_compiled,23,1,9988,172828300,17303.59431317581,9988,1
run_2026-07-30T11-00-12_42,steady_state_linear_5_minimal,linear_5,minimal,static_compiled,23,2,9988,133947948,13410.887865438526,9988,1
run_2026-07-30T11-00-12_42,steady_state_linear_5_minimal,linear_5,minimal,hard_coded,23,3,9988,33554709,3359.502302763316,9988,1
run_2026-07-30T11-00-12_42,steady_state_linear_5_minimal,linear_5,minimal,static_compiled,24,1,9988,129904820,13006.089307168602,9988,1
run_2026-07-30T11-00-12_42,steady_state_linear_5_minimal,linear_5,minimal,hard_coded,24,2,9988,32708228,3274.7525030036045,9988,1
run_2026-07-30T11-00-12_42,steady_state_linear_5_minimal,linear_5,minimal,versioned_compiled,24,3,9988,179357038,17957.252503003605,9988,1
run_2026-07-30T11-00-12_42,steady_state_linear_5_minimal,linear_5,minimal,hard_coded,25,1,9988,33684404,3372.487384861834,9988,1
run_2026-07-30T11-00-12_42,steady_state_linear_5_minimal,linear_5,minimal,static_compiled,25,2,9988,120103787,12024.808470164196,9988,1
run_2026-07-30T11-00-12_42,steady_state_linear_5_minimal,linear_5,minimal,versioned_compiled,25,3,9988,182597177,18281.65568682419,9988,1
run_2026-07-30T11-00-12_42,steady_state_linear_5_minimal,linear_5,minimal,versioned_compiled,26,1,9988,174243468,17445.281137364836,9988,1
run_2026-07-30T11-00-12_42,steady_state_linear_5_minimal,linear_5,minimal,static_compiled,26,2,9988,122241481,12238.83470164197,9988,1
run_2026-07-30T11-00-12_42,steady_state_linear_5_minimal,linear_5,minimal,hard_coded,26,3,9988,32175533,3221.419002803364,9988,1
run_2026-07-30T11-00-12_42,steady_state_linear_5_minimal,linear_5,minimal,static_compiled,27,1,9988,118801787,11894.452042450941,9988,1
run_2026-07-30T11-00-12_42,steady_state_linear_5_minimal,linear_5,minimal,hard_coded,27,2,9988,32929421,3296.8983780536646,9988,1
run_2026-07-30T11-00-12_42,steady_state_linear_5_minimal,linear_5,minimal,versioned_compiled,27,3,9988,175953011,17616.440828994793,9988,1
run_2026-07-30T11-00-12_42,steady_state_linear_5_minimal,linear_5,minimal,hard_coded,28,1,9988,32696013,3273.529535442531,9988,1
run_2026-07-30T11-00-12_42,steady_state_linear_5_minimal,linear_5,minimal,static_compiled,28,2,9988,119022005,11916.500300360432,9988,1
run_2026-07-30T11-00-12_42,steady_state_linear_5_minimal,linear_5,minimal,versioned_compiled,28,3,9988,179782106,17999.810372446937,9988,1
run_2026-07-30T11-00-12_42,steady_state_linear_5_minimal,linear_5,minimal,versioned_compiled,29,1,9988,171832149,17203.859531437723,9988,1
run_2026-07-30T11-00-12_42,steady_state_linear_5_minimal,linear_5,minimal,static_compiled,29,2,9988,119987939,12013.209751702043,9988,1
run_2026-07-30T11-00-12_42,steady_state_linear_5_minimal,linear_5,minimal,hard_coded,29,3,9988,32896246,3293.576892270725,9988,1
run_2026-07-30T11-00-12_42,steady_state_linear_5_minimal,linear_5,minimal,static_compiled,30,1,9988,179499029,17971.468662394873,9988,1
run_2026-07-30T11-00-12_42,steady_state_linear_5_minimal,linear_5,minimal,hard_coded,30,2,9988,33519297,3355.9568482178615,9988,1
run_2026-07-30T11-00-12_42,steady_state_linear_5_minimal,linear_5,minimal,versioned_compiled,30,3,9988,187301386,18752.641770124148,9988,1
run_2026-07-30T11-00-12_42,steady_state_linear_5_approximately_1_ms,linear_5,approximately_1_ms,hard_coded,1,1,29,234875178,8099144.068965517,29,1
run_2026-07-30T11-00-12_42,steady_state_linear_5_approximately_1_ms,linear_5,approximately_1_ms,static_compiled,1,2,29,218340492,7528982.482758621,29,1
run_2026-07-30T11-00-12_42,steady_state_linear_5_approximately_1_ms,linear_5,approximately_1_ms,versioned_compiled,1,3,29,149100787,5141406.448275862,29,1
run_2026-07-30T11-00-12_42,steady_state_linear_5_approximately_1_ms,linear_5,approximately_1_ms,versioned_compiled,2,1,29,147035069,5070174.793103448,29,1
run_2026-07-30T11-00-12_42,steady_state_linear_5_approximately_1_ms,linear_5,approximately_1_ms,static_compiled,2,2,29,148814263,5131526.310344827,29,1
run_2026-07-30T11-00-12_42,steady_state_linear_5_approximately_1_ms,linear_5,approximately_1_ms,hard_coded,2,3,29,175843225,6063559.482758621,29,1
run_2026-07-30T11-00-12_42,steady_state_linear_5_approximately_1_ms,linear_5,approximately_1_ms,static_compiled,3,1,29,143242307,4939389.8965517245,29,1
run_2026-07-30T11-00-12_42,steady_state_linear_5_approximately_1_ms,linear_5,approximately_1_ms,hard_coded,3,2,29,144729789,4990682.379310345,29,1
run_2026-07-30T11-00-12_42,steady_state_linear_5_approximately_1_ms,linear_5,approximately_1_ms,versioned_compiled,3,3,29,144372118,4978348.8965517245,29,1
run_2026-07-30T11-00-12_42,steady_state_linear_5_approximately_1_ms,linear_5,approximately_1_ms,hard_coded,4,1,29,147962623,5102159.413793104,29,1
run_2026-07-30T11-00-12_42,steady_state_linear_5_approximately_1_ms,linear_5,approximately_1_ms,static_compiled,4,2,29,148239774,5111716.344827586,29,1
run_2026-07-30T11-00-12_42,steady_state_linear_5_approximately_1_ms,linear_5,approximately_1_ms,versioned_compiled,4,3,29,143301453,4941429.413793104,29,1
run_2026-07-30T11-00-12_42,steady_state_linear_5_approximately_1_ms,linear_5,approximately_1_ms,versioned_compiled,5,1,29,146919597,5066193.0,29,1
run_2026-07-30T11-00-12_42,steady_state_linear_5_approximately_1_ms,linear_5,approximately_1_ms,static_compiled,5,2,29,144676984,4988861.517241379,29,1
run_2026-07-30T11-00-12_42,steady_state_linear_5_approximately_1_ms,linear_5,approximately_1_ms,hard_coded,5,3,29,144526435,4983670.172413793,29,1
run_2026-07-30T11-00-12_42,steady_state_linear_5_approximately_1_ms,linear_5,approximately_1_ms,static_compiled,6,1,29,144595766,4986060.8965517245,29,1
run_2026-07-30T11-00-12_42,steady_state_linear_5_approximately_1_ms,linear_5,approximately_1_ms,hard_coded,6,2,29,144821490,4993844.482758621,29,1
run_2026-07-30T11-00-12_42,steady_state_linear_5_approximately_1_ms,linear_5,approximately_1_ms,versioned_compiled,6,3,29,152218844,5248925.655172414,29,1
run_2026-07-30T11-00-12_42,steady_state_linear_5_approximately_1_ms,linear_5,approximately_1_ms,hard_coded,7,1,29,149245019,5146379.9655172415,29,1
run_2026-07-30T11-00-12_42,steady_state_linear_5_approximately_1_ms,linear_5,approximately_1_ms,static_compiled,7,2,29,142465782,4912613.172413793,29,1
run_2026-07-30T11-00-12_42,steady_state_linear_5_approximately_1_ms,linear_5,approximately_1_ms,versioned_compiled,7,3,29,140663230,4850456.206896552,29,1
run_2026-07-30T11-00-12_42,steady_state_linear_5_approximately_1_ms,linear_5,approximately_1_ms,versioned_compiled,8,1,29,149866076,5167795.724137931,29,1
run_2026-07-30T11-00-12_42,steady_state_linear_5_approximately_1_ms,linear_5,approximately_1_ms,static_compiled,8,2,29,149740737,5163473.689655173,29,1
run_2026-07-30T11-00-12_42,steady_state_linear_5_approximately_1_ms,linear_5,approximately_1_ms,hard_coded,8,3,29,140480642,4844160.068965517,29,1
run_2026-07-30T11-00-12_42,steady_state_linear_5_approximately_1_ms,linear_5,approximately_1_ms,static_compiled,9,1,29,154545236,5329146.068965517,29,1
run_2026-07-30T11-00-12_42,steady_state_linear_5_approximately_1_ms,linear_5,approximately_1_ms,hard_coded,9,2,29,144128334,4969942.551724138,29,1
run_2026-07-30T11-00-12_42,steady_state_linear_5_approximately_1_ms,linear_5,approximately_1_ms,versioned_compiled,9,3,29,140751423,4853497.344827586,29,1
run_2026-07-30T11-00-12_42,steady_state_linear_5_approximately_1_ms,linear_5,approximately_1_ms,hard_coded,10,1,29,140759275,4853768.1034482755,29,1
run_2026-07-30T11-00-12_42,steady_state_linear_5_approximately_1_ms,linear_5,approximately_1_ms,static_compiled,10,2,29,141695181,4886040.724137931,29,1
run_2026-07-30T11-00-12_42,steady_state_linear_5_approximately_1_ms,linear_5,approximately_1_ms,versioned_compiled,10,3,29,150019103,5173072.517241379,29,1
run_2026-07-30T11-00-12_42,steady_state_linear_5_approximately_1_ms,linear_5,approximately_1_ms,versioned_compiled,11,1,29,140565401,4847082.793103448,29,1
run_2026-07-30T11-00-12_42,steady_state_linear_5_approximately_1_ms,linear_5,approximately_1_ms,static_compiled,11,2,29,141186859,4868512.379310345,29,1
run_2026-07-30T11-00-12_42,steady_state_linear_5_approximately_1_ms,linear_5,approximately_1_ms,hard_coded,11,3,29,145513755,5017715.689655173,29,1
run_2026-07-30T11-00-12_42,steady_state_linear_5_approximately_1_ms,linear_5,approximately_1_ms,static_compiled,12,1,29,141227231,4869904.517241379,29,1
run_2026-07-30T11-00-12_42,steady_state_linear_5_approximately_1_ms,linear_5,approximately_1_ms,hard_coded,12,2,29,143215272,4938457.655172414,29,1
run_2026-07-30T11-00-12_42,steady_state_linear_5_approximately_1_ms,linear_5,approximately_1_ms,versioned_compiled,12,3,29,146399504,5048258.75862069,29,1
run_2026-07-30T11-00-12_42,steady_state_linear_5_approximately_1_ms,linear_5,approximately_1_ms,hard_coded,13,1,29,148630427,5125187.137931035,29,1
run_2026-07-30T11-00-12_42,steady_state_linear_5_approximately_1_ms,linear_5,approximately_1_ms,static_compiled,13,2,29,151869363,5236874.586206896,29,1
run_2026-07-30T11-00-12_42,steady_state_linear_5_approximately_1_ms,linear_5,approximately_1_ms,versioned_compiled,13,3,29,146832069,5063174.793103448,29,1
run_2026-07-30T11-00-12_42,steady_state_linear_5_approximately_1_ms,linear_5,approximately_1_ms,versioned_compiled,14,1,29,147725286,5093975.379310345,29,1
run_2026-07-30T11-00-12_42,steady_state_linear_5_approximately_1_ms,linear_5,approximately_1_ms,static_compiled,14,2,29,147471460,5085222.75862069,29,1
run_2026-07-30T11-00-12_42,steady_state_linear_5_approximately_1_ms,linear_5,approximately_1_ms,hard_coded,14,3,29,145725238,5025008.206896552,29,1
run_2026-07-30T11-00-12_42,steady_state_linear_5_approximately_1_ms,linear_5,approximately_1_ms,static_compiled,15,1,29,145254407,5008772.655172414,29,1
run_2026-07-30T11-00-12_42,steady_state_linear_5_approximately_1_ms,linear_5,approximately_1_ms,hard_coded,15,2,29,148504241,5120835.8965517245,29,1
run_2026-07-30T11-00-12_42,steady_state_linear_5_approximately_1_ms,linear_5,approximately_1_ms,versioned_compiled,15,3,29,174554242,6019111.793103448,29,1
run_2026-07-30T11-00-12_42,steady_state_linear_5_approximately_1_ms,linear_5,approximately_1_ms,hard_coded,16,1,29,147029179,5069971.689655173,29,1
run_2026-07-30T11-00-12_42,steady_state_linear_5_approximately_1_ms,linear_5,approximately_1_ms,static_compiled,16,2,29,145650763,5022440.1034482755,29,1
run_2026-07-30T11-00-12_42,steady_state_linear_5_approximately_1_ms,linear_5,approximately_1_ms,versioned_compiled,16,3,29,149646819,5160235.137931035,29,1
run_2026-07-30T11-00-12_42,steady_state_linear_5_approximately_1_ms,linear_5,approximately_1_ms,versioned_compiled,17,1,29,139326708,4804369.24137931,29,1
run_2026-07-30T11-00-12_42,steady_state_linear_5_approximately_1_ms,linear_5,approximately_1_ms,static_compiled,17,2,29,147110732,5072783.862068965,29,1
run_2026-07-30T11-00-12_42,steady_state_linear_5_approximately_1_ms,linear_5,approximately_1_ms,hard_coded,17,3,29,143096666,4934367.793103448,29,1
run_2026-07-30T11-00-12_42,steady_state_linear_5_approximately_1_ms,linear_5,approximately_1_ms,static_compiled,18,1,29,141900572,4893123.172413793,29,1
run_2026-07-30T11-00-12_42,steady_state_linear_5_approximately_1_ms,linear_5,approximately_1_ms,hard_coded,18,2,29,144304510,4976017.586206896,29,1
run_2026-07-30T11-00-12_42,steady_state_linear_5_approximately_1_ms,linear_5,approximately_1_ms,versioned_compiled,18,3,29,148152628,5108711.310344827,29,1
run_2026-07-30T11-00-12_42,steady_state_linear_5_approximately_1_ms,linear_5,approximately_1_ms,hard_coded,19,1,29,144106841,4969201.413793104,29,1
run_2026-07-30T11-00-12_42,steady_state_linear_5_approximately_1_ms,linear_5,approximately_1_ms,static_compiled,19,2,29,146177347,5040598.172413793,29,1
run_2026-07-30T11-00-12_42,steady_state_linear_5_approximately_1_ms,linear_5,approximately_1_ms,versioned_compiled,19,3,29,147262107,5078003.689655173,29,1
run_2026-07-30T11-00-12_42,steady_state_linear_5_approximately_1_ms,linear_5,approximately_1_ms,versioned_compiled,20,1,29,149748837,5163753.0,29,1
run_2026-07-30T11-00-12_42,steady_state_linear_5_approximately_1_ms,linear_5,approximately_1_ms,static_compiled,20,2,29,144399455,4979291.551724138,29,1
run_2026-07-30T11-00-12_42,steady_state_linear_5_approximately_1_ms,linear_5,approximately_1_ms,hard_coded,20,3,29,142401809,4910407.206896552,29,1
run_2026-07-30T11-00-12_42,steady_state_linear_5_approximately_1_ms,linear_5,approximately_1_ms,static_compiled,21,1,29,143857540,4960604.827586207,29,1
run_2026-07-30T11-00-12_42,steady_state_linear_5_approximately_1_ms,linear_5,approximately_1_ms,hard_coded,21,2,29,145159444,5005498.068965517,29,1
run_2026-07-30T11-00-12_42,steady_state_linear_5_approximately_1_ms,linear_5,approximately_1_ms,versioned_compiled,21,3,29,141444959,4877412.379310345,29,1
run_2026-07-30T11-00-12_42,steady_state_linear_5_approximately_1_ms,linear_5,approximately_1_ms,hard_coded,22,1,29,144513214,4983214.275862069,29,1
run_2026-07-30T11-00-12_42,steady_state_linear_5_approximately_1_ms,linear_5,approximately_1_ms,static_compiled,22,2,29,141827336,4890597.793103448,29,1
run_2026-07-30T11-00-12_42,steady_state_linear_5_approximately_1_ms,linear_5,approximately_1_ms,versioned_compiled,22,3,29,141886959,4892653.75862069,29,1
run_2026-07-30T11-00-12_42,steady_state_linear_5_approximately_1_ms,linear_5,approximately_1_ms,versioned_compiled,23,1,29,145960382,5033116.620689655,29,1
run_2026-07-30T11-00-12_42,steady_state_linear_5_approximately_1_ms,linear_5,approximately_1_ms,static_compiled,23,2,29,149707387,5162323.689655173,29,1
run_2026-07-30T11-00-12_42,steady_state_linear_5_approximately_1_ms,linear_5,approximately_1_ms,hard_coded,23,3,29,142604624,4917400.827586207,29,1
run_2026-07-30T11-00-12_42,steady_state_linear_5_approximately_1_ms,linear_5,approximately_1_ms,static_compiled,24,1,29,143895270,4961905.862068965,29,1
run_2026-07-30T11-00-12_42,steady_state_linear_5_approximately_1_ms,linear_5,approximately_1_ms,hard_coded,24,2,29,141714276,4886699.172413793,29,1
run_2026-07-30T11-00-12_42,steady_state_linear_5_approximately_1_ms,linear_5,approximately_1_ms,versioned_compiled,24,3,29,145494463,5017050.448275862,29,1
run_2026-07-30T11-00-12_42,steady_state_linear_5_approximately_1_ms,linear_5,approximately_1_ms,hard_coded,25,1,29,144120987,4969689.206896552,29,1
run_2026-07-30T11-00-12_42,steady_state_linear_5_approximately_1_ms,linear_5,approximately_1_ms,static_compiled,25,2,29,145874324,5030149.1034482755,29,1
run_2026-07-30T11-00-12_42,steady_state_linear_5_approximately_1_ms,linear_5,approximately_1_ms,versioned_compiled,25,3,29,144799315,4993079.827586207,29,1
run_2026-07-30T11-00-12_42,steady_state_linear_5_approximately_1_ms,linear_5,approximately_1_ms,versioned_compiled,26,1,29,145418260,5014422.75862069,29,1
run_2026-07-30T11-00-12_42,steady_state_linear_5_approximately_1_ms,linear_5,approximately_1_ms,static_compiled,26,2,29,146145504,5039500.137931035,29,1
run_2026-07-30T11-00-12_42,steady_state_linear_5_approximately_1_ms,linear_5,approximately_1_ms,hard_coded,26,3,29,141965450,4895360.344827586,29,1
run_2026-07-30T11-00-12_42,steady_state_linear_5_approximately_1_ms,linear_5,approximately_1_ms,static_compiled,27,1,29,146195295,5041217.068965517,29,1
run_2026-07-30T11-00-12_42,steady_state_linear_5_approximately_1_ms,linear_5,approximately_1_ms,hard_coded,27,2,29,146849522,5063776.620689655,29,1
run_2026-07-30T11-00-12_42,steady_state_linear_5_approximately_1_ms,linear_5,approximately_1_ms,versioned_compiled,27,3,29,140085923,4830549.068965517,29,1
run_2026-07-30T11-00-12_42,steady_state_linear_5_approximately_1_ms,linear_5,approximately_1_ms,hard_coded,28,1,29,145553528,5019087.172413793,29,1
run_2026-07-30T11-00-12_42,steady_state_linear_5_approximately_1_ms,linear_5,approximately_1_ms,static_compiled,28,2,29,140685799,4851234.448275862,29,1
run_2026-07-30T11-00-12_42,steady_state_linear_5_approximately_1_ms,linear_5,approximately_1_ms,versioned_compiled,28,3,29,150714554,5197053.586206896,29,1
run_2026-07-30T11-00-12_42,steady_state_linear_5_approximately_1_ms,linear_5,approximately_1_ms,versioned_compiled,29,1,29,151114897,5210858.517241379,29,1
run_2026-07-30T11-00-12_42,steady_state_linear_5_approximately_1_ms,linear_5,approximately_1_ms,static_compiled,29,2,29,142700499,4920706.862068965,29,1
run_2026-07-30T11-00-12_42,steady_state_linear_5_approximately_1_ms,linear_5,approximately_1_ms,hard_coded,29,3,29,145428376,5014771.586206896,29,1
run_2026-07-30T11-00-12_42,steady_state_linear_5_approximately_1_ms,linear_5,approximately_1_ms,static_compiled,30,1,29,141917067,4893691.9655172415,29,1
run_2026-07-30T11-00-12_42,steady_state_linear_5_approximately_1_ms,linear_5,approximately_1_ms,hard_coded,30,2,29,139488492,4809948.0,29,1
run_2026-07-30T11-00-12_42,steady_state_linear_5_approximately_1_ms,linear_5,approximately_1_ms,versioned_compiled,30,3,29,142011332,4896942.482758621,29,1
run_2026-07-30T11-00-12_42,steady_state_linear_5_approximately_5_ms,linear_5,approximately_5_ms,hard_coded,1,1,20,520191780,26009589.0,20,1
run_2026-07-30T11-00-12_42,steady_state_linear_5_approximately_5_ms,linear_5,approximately_5_ms,static_compiled,1,2,20,522619476,26130973.8,20,1
run_2026-07-30T11-00-12_42,steady_state_linear_5_approximately_5_ms,linear_5,approximately_5_ms,versioned_compiled,1,3,20,571503697,28575184.85,20,1
run_2026-07-30T11-00-12_42,steady_state_linear_5_approximately_5_ms,linear_5,approximately_5_ms,versioned_compiled,2,1,20,538478929,26923946.45,20,1
run_2026-07-30T11-00-12_42,steady_state_linear_5_approximately_5_ms,linear_5,approximately_5_ms,static_compiled,2,2,20,522439186,26121959.3,20,1
run_2026-07-30T11-00-12_42,steady_state_linear_5_approximately_5_ms,linear_5,approximately_5_ms,hard_coded,2,3,20,526158928,26307946.4,20,1
run_2026-07-30T11-00-12_42,steady_state_linear_5_approximately_5_ms,linear_5,approximately_5_ms,static_compiled,3,1,20,527614580,26380729.0,20,1
run_2026-07-30T11-00-12_42,steady_state_linear_5_approximately_5_ms,linear_5,approximately_5_ms,hard_coded,3,2,20,571246697,28562334.85,20,1
run_2026-07-30T11-00-12_42,steady_state_linear_5_approximately_5_ms,linear_5,approximately_5_ms,versioned_compiled,3,3,20,527593167,26379658.35,20,1
run_2026-07-30T11-00-12_42,steady_state_linear_5_approximately_5_ms,linear_5,approximately_5_ms,hard_coded,4,1,20,510303118,25515155.9,20,1
run_2026-07-30T11-00-12_42,steady_state_linear_5_approximately_5_ms,linear_5,approximately_5_ms,static_compiled,4,2,20,529866471,26493323.55,20,1
run_2026-07-30T11-00-12_42,steady_state_linear_5_approximately_5_ms,linear_5,approximately_5_ms,versioned_compiled,4,3,20,530801619,26540080.95,20,1
run_2026-07-30T11-00-12_42,steady_state_linear_5_approximately_5_ms,linear_5,approximately_5_ms,versioned_compiled,5,1,20,541952548,27097627.4,20,1
run_2026-07-30T11-00-12_42,steady_state_linear_5_approximately_5_ms,linear_5,approximately_5_ms,static_compiled,5,2,20,524575303,26228765.15,20,1
run_2026-07-30T11-00-12_42,steady_state_linear_5_approximately_5_ms,linear_5,approximately_5_ms,hard_coded,5,3,20,522002567,26100128.35,20,1
run_2026-07-30T11-00-12_42,steady_state_linear_5_approximately_5_ms,linear_5,approximately_5_ms,static_compiled,6,1,20,629654778,31482738.9,20,1
run_2026-07-30T11-00-12_42,steady_state_linear_5_approximately_5_ms,linear_5,approximately_5_ms,hard_coded,6,2,20,527872919,26393645.95,20,1
run_2026-07-30T11-00-12_42,steady_state_linear_5_approximately_5_ms,linear_5,approximately_5_ms,versioned_compiled,6,3,20,530964762,26548238.1,20,1
run_2026-07-30T11-00-12_42,steady_state_linear_5_approximately_5_ms,linear_5,approximately_5_ms,hard_coded,7,1,20,517208263,25860413.15,20,1
run_2026-07-30T11-00-12_42,steady_state_linear_5_approximately_5_ms,linear_5,approximately_5_ms,static_compiled,7,2,20,516688645,25834432.25,20,1
run_2026-07-30T11-00-12_42,steady_state_linear_5_approximately_5_ms,linear_5,approximately_5_ms,versioned_compiled,7,3,20,529446564,26472328.2,20,1
run_2026-07-30T11-00-12_42,steady_state_linear_5_approximately_5_ms,linear_5,approximately_5_ms,versioned_compiled,8,1,20,507829779,25391488.95,20,1
run_2026-07-30T11-00-12_42,steady_state_linear_5_approximately_5_ms,linear_5,approximately_5_ms,static_compiled,8,2,20,518616405,25930820.25,20,1
run_2026-07-30T11-00-12_42,steady_state_linear_5_approximately_5_ms,linear_5,approximately_5_ms,hard_coded,8,3,20,527194614,26359730.7,20,1
run_2026-07-30T11-00-12_42,steady_state_linear_5_approximately_5_ms,linear_5,approximately_5_ms,static_compiled,9,1,20,511303919,25565195.95,20,1
run_2026-07-30T11-00-12_42,steady_state_linear_5_approximately_5_ms,linear_5,approximately_5_ms,hard_coded,9,2,20,521104246,26055212.3,20,1
run_2026-07-30T11-00-12_42,steady_state_linear_5_approximately_5_ms,linear_5,approximately_5_ms,versioned_compiled,9,3,20,518340307,25917015.35,20,1
run_2026-07-30T11-00-12_42,steady_state_linear_5_approximately_5_ms,linear_5,approximately_5_ms,hard_coded,10,1,20,525242775,26262138.75,20,1
run_2026-07-30T11-00-12_42,steady_state_linear_5_approximately_5_ms,linear_5,approximately_5_ms,static_compiled,10,2,20,529717768,26485888.4,20,1
run_2026-07-30T11-00-12_42,steady_state_linear_5_approximately_5_ms,linear_5,approximately_5_ms,versioned_compiled,10,3,20,526353903,26317695.15,20,1
run_2026-07-30T11-00-12_42,steady_state_linear_5_approximately_5_ms,linear_5,approximately_5_ms,versioned_compiled,11,1,20,530088856,26504442.8,20,1
run_2026-07-30T11-00-12_42,steady_state_linear_5_approximately_5_ms,linear_5,approximately_5_ms,static_compiled,11,2,20,524664357,26233217.85,20,1
run_2026-07-30T11-00-12_42,steady_state_linear_5_approximately_5_ms,linear_5,approximately_5_ms,hard_coded,11,3,20,518916567,25945828.35,20,1
run_2026-07-30T11-00-12_42,steady_state_linear_5_approximately_5_ms,linear_5,approximately_5_ms,static_compiled,12,1,20,539409164,26970458.2,20,1
run_2026-07-30T11-00-12_42,steady_state_linear_5_approximately_5_ms,linear_5,approximately_5_ms,hard_coded,12,2,20,512900738,25645036.9,20,1
run_2026-07-30T11-00-12_42,steady_state_linear_5_approximately_5_ms,linear_5,approximately_5_ms,versioned_compiled,12,3,20,536293122,26814656.1,20,1
run_2026-07-30T11-00-12_42,steady_state_linear_5_approximately_5_ms,linear_5,approximately_5_ms,hard_coded,13,1,20,520921124,26046056.2,20,1
run_2026-07-30T11-00-12_42,steady_state_linear_5_approximately_5_ms,linear_5,approximately_5_ms,static_compiled,13,2,20,541812711,27090635.55,20,1
run_2026-07-30T11-00-12_42,steady_state_linear_5_approximately_5_ms,linear_5,approximately_5_ms,versioned_compiled,13,3,20,514420386,25721019.3,20,1
run_2026-07-30T11-00-12_42,steady_state_linear_5_approximately_5_ms,linear_5,approximately_5_ms,versioned_compiled,14,1,20,528000270,26400013.5,20,1
run_2026-07-30T11-00-12_42,steady_state_linear_5_approximately_5_ms,linear_5,approximately_5_ms,static_compiled,14,2,20,521260159,26063007.95,20,1
run_2026-07-30T11-00-12_42,steady_state_linear_5_approximately_5_ms,linear_5,approximately_5_ms,hard_coded,14,3,20,519786443,25989322.15,20,1
run_2026-07-30T11-00-12_42,steady_state_linear_5_approximately_5_ms,linear_5,approximately_5_ms,static_compiled,15,1,20,514729079,25736453.95,20,1
run_2026-07-30T11-00-12_42,steady_state_linear_5_approximately_5_ms,linear_5,approximately_5_ms,hard_coded,15,2,20,512164076,25608203.8,20,1
run_2026-07-30T11-00-12_42,steady_state_linear_5_approximately_5_ms,linear_5,approximately_5_ms,versioned_compiled,15,3,20,517583224,25879161.2,20,1
run_2026-07-30T11-00-12_42,steady_state_linear_5_approximately_5_ms,linear_5,approximately_5_ms,hard_coded,16,1,20,522895795,26144789.75,20,1
run_2026-07-30T11-00-12_42,steady_state_linear_5_approximately_5_ms,linear_5,approximately_5_ms,static_compiled,16,2,20,533661600,26683080.0,20,1
run_2026-07-30T11-00-12_42,steady_state_linear_5_approximately_5_ms,linear_5,approximately_5_ms,versioned_compiled,16,3,20,521344779,26067238.95,20,1
run_2026-07-30T11-00-12_42,steady_state_linear_5_approximately_5_ms,linear_5,approximately_5_ms,versioned_compiled,17,1,20,512392534,25619626.7,20,1
run_2026-07-30T11-00-12_42,steady_state_linear_5_approximately_5_ms,linear_5,approximately_5_ms,static_compiled,17,2,20,522524748,26126237.4,20,1
run_2026-07-30T11-00-12_42,steady_state_linear_5_approximately_5_ms,linear_5,approximately_5_ms,hard_coded,17,3,20,522997357,26149867.85,20,1
run_2026-07-30T11-00-12_42,steady_state_linear_5_approximately_5_ms,linear_5,approximately_5_ms,static_compiled,18,1,20,507362530,25368126.5,20,1
run_2026-07-30T11-00-12_42,steady_state_linear_5_approximately_5_ms,linear_5,approximately_5_ms,hard_coded,18,2,20,547723860,27386193.0,20,1
run_2026-07-30T11-00-12_42,steady_state_linear_5_approximately_5_ms,linear_5,approximately_5_ms,versioned_compiled,18,3,20,517965408,25898270.4,20,1
run_2026-07-30T11-00-12_42,steady_state_linear_5_approximately_5_ms,linear_5,approximately_5_ms,hard_coded,19,1,20,529245649,26462282.45,20,1
run_2026-07-30T11-00-12_42,steady_state_linear_5_approximately_5_ms,linear_5,approximately_5_ms,static_compiled,19,2,20,522614971,26130748.55,20,1
run_2026-07-30T11-00-12_42,steady_state_linear_5_approximately_5_ms,linear_5,approximately_5_ms,versioned_compiled,19,3,20,536322693,26816134.65,20,1
run_2026-07-30T11-00-12_42,steady_state_linear_5_approximately_5_ms,linear_5,approximately_5_ms,versioned_compiled,20,1,20,537984882,26899244.1,20,1
run_2026-07-30T11-00-12_42,steady_state_linear_5_approximately_5_ms,linear_5,approximately_5_ms,static_compiled,20,2,20,538787198,26939359.9,20,1
run_2026-07-30T11-00-12_42,steady_state_linear_5_approximately_5_ms,linear_5,approximately_5_ms,hard_coded,20,3,20,520344882,26017244.1,20,1
run_2026-07-30T11-00-12_42,steady_state_linear_5_approximately_5_ms,linear_5,approximately_5_ms,static_compiled,21,1,20,519012711,25950635.55,20,1
run_2026-07-30T11-00-12_42,steady_state_linear_5_approximately_5_ms,linear_5,approximately_5_ms,hard_coded,21,2,20,521230822,26061541.1,20,1
run_2026-07-30T11-00-12_42,steady_state_linear_5_approximately_5_ms,linear_5,approximately_5_ms,versioned_compiled,21,3,20,524938404,26246920.2,20,1
run_2026-07-30T11-00-12_42,steady_state_linear_5_approximately_5_ms,linear_5,approximately_5_ms,hard_coded,22,1,20,567132468,28356623.4,20,1
run_2026-07-30T11-00-12_42,steady_state_linear_5_approximately_5_ms,linear_5,approximately_5_ms,static_compiled,22,2,20,508357322,25417866.1,20,1
run_2026-07-30T11-00-12_42,steady_state_linear_5_approximately_5_ms,linear_5,approximately_5_ms,versioned_compiled,22,3,20,530033612,26501680.6,20,1
run_2026-07-30T11-00-12_42,steady_state_linear_5_approximately_5_ms,linear_5,approximately_5_ms,versioned_compiled,23,1,20,516692437,25834621.85,20,1
run_2026-07-30T11-00-12_42,steady_state_linear_5_approximately_5_ms,linear_5,approximately_5_ms,static_compiled,23,2,20,519068668,25953433.4,20,1
run_2026-07-30T11-00-12_42,steady_state_linear_5_approximately_5_ms,linear_5,approximately_5_ms,hard_coded,23,3,20,531688431,26584421.55,20,1
run_2026-07-30T11-00-12_42,steady_state_linear_5_approximately_5_ms,linear_5,approximately_5_ms,static_compiled,24,1,20,543933094,27196654.7,20,1
run_2026-07-30T11-00-12_42,steady_state_linear_5_approximately_5_ms,linear_5,approximately_5_ms,hard_coded,24,2,20,508819507,25440975.35,20,1
run_2026-07-30T11-00-12_42,steady_state_linear_5_approximately_5_ms,linear_5,approximately_5_ms,versioned_compiled,24,3,20,531975558,26598777.9,20,1
run_2026-07-30T11-00-12_42,steady_state_linear_5_approximately_5_ms,linear_5,approximately_5_ms,hard_coded,25,1,20,520894393,26044719.65,20,1
run_2026-07-30T11-00-12_42,steady_state_linear_5_approximately_5_ms,linear_5,approximately_5_ms,static_compiled,25,2,20,524586863,26229343.15,20,1
run_2026-07-30T11-00-12_42,steady_state_linear_5_approximately_5_ms,linear_5,approximately_5_ms,versioned_compiled,25,3,20,525512938,26275646.9,20,1
run_2026-07-30T11-00-12_42,steady_state_linear_5_approximately_5_ms,linear_5,approximately_5_ms,versioned_compiled,26,1,20,514464266,25723213.3,20,1
run_2026-07-30T11-00-12_42,steady_state_linear_5_approximately_5_ms,linear_5,approximately_5_ms,static_compiled,26,2,20,537570661,26878533.05,20,1
run_2026-07-30T11-00-12_42,steady_state_linear_5_approximately_5_ms,linear_5,approximately_5_ms,hard_coded,26,3,20,521370279,26068513.95,20,1
run_2026-07-30T11-00-12_42,steady_state_linear_5_approximately_5_ms,linear_5,approximately_5_ms,static_compiled,27,1,20,527774046,26388702.3,20,1
run_2026-07-30T11-00-12_42,steady_state_linear_5_approximately_5_ms,linear_5,approximately_5_ms,hard_coded,27,2,20,511207616,25560380.8,20,1
run_2026-07-30T11-00-12_42,steady_state_linear_5_approximately_5_ms,linear_5,approximately_5_ms,versioned_compiled,27,3,20,518160142,25908007.1,20,1
run_2026-07-30T11-00-12_42,steady_state_linear_5_approximately_5_ms,linear_5,approximately_5_ms,hard_coded,28,1,20,507172890,25358644.5,20,1
run_2026-07-30T11-00-12_42,steady_state_linear_5_approximately_5_ms,linear_5,approximately_5_ms,static_compiled,28,2,20,516097488,25804874.4,20,1
run_2026-07-30T11-00-12_42,steady_state_linear_5_approximately_5_ms,linear_5,approximately_5_ms,versioned_compiled,28,3,20,515872338,25793616.9,20,1
run_2026-07-30T11-00-12_42,steady_state_linear_5_approximately_5_ms,linear_5,approximately_5_ms,versioned_compiled,29,1,20,518537734,25926886.7,20,1
run_2026-07-30T11-00-12_42,steady_state_linear_5_approximately_5_ms,linear_5,approximately_5_ms,static_compiled,29,2,20,523183127,26159156.35,20,1
run_2026-07-30T11-00-12_42,steady_state_linear_5_approximately_5_ms,linear_5,approximately_5_ms,hard_coded,29,3,20,530470824,26523541.2,20,1
run_2026-07-30T11-00-12_42,steady_state_linear_5_approximately_5_ms,linear_5,approximately_5_ms,static_compiled,30,1,20,517789810,25889490.5,20,1
run_2026-07-30T11-00-12_42,steady_state_linear_5_approximately_5_ms,linear_5,approximately_5_ms,hard_coded,30,2,20,518146175,25907308.75,20,1
run_2026-07-30T11-00-12_42,steady_state_linear_5_approximately_5_ms,linear_5,approximately_5_ms,versioned_compiled,30,3,20,535515847,26775792.35,20,1
run_2026-07-30T11-00-12_42,steady_state_branch_merge_9_minimal,branch_merge_9,minimal,hard_coded,1,1,5900,37369569,6333.825254237288,5900,1
run_2026-07-30T11-00-12_42,steady_state_branch_merge_9_minimal,branch_merge_9,minimal,static_compiled,1,2,5900,128617200,21799.525423728814,5900,1
run_2026-07-30T11-00-12_42,steady_state_branch_merge_9_minimal,branch_merge_9,minimal,versioned_compiled,1,3,5900,166480022,28216.952881355934,5900,1
run_2026-07-30T11-00-12_42,steady_state_branch_merge_9_minimal,branch_merge_9,minimal,versioned_compiled,2,1,5900,160932688,27276.726779661018,5900,1
run_2026-07-30T11-00-12_42,steady_state_branch_merge_9_minimal,branch_merge_9,minimal,static_compiled,2,2,5900,127641731,21634.191694915255,5900,1
run_2026-07-30T11-00-12_42,steady_state_branch_merge_9_minimal,branch_merge_9,minimal,hard_coded,2,3,5900,39033857,6615.907966101695,5900,1
run_2026-07-30T11-00-12_42,steady_state_branch_merge_9_minimal,branch_merge_9,minimal,static_compiled,3,1,5900,131972299,22368.18627118644,5900,1
run_2026-07-30T11-00-12_42,steady_state_branch_merge_9_minimal,branch_merge_9,minimal,hard_coded,3,2,5900,38317074,6494.419322033898,5900,1
run_2026-07-30T11-00-12_42,steady_state_branch_merge_9_minimal,branch_merge_9,minimal,versioned_compiled,3,3,5900,161005905,27289.136440677965,5900,1
run_2026-07-30T11-00-12_42,steady_state_branch_merge_9_minimal,branch_merge_9,minimal,hard_coded,4,1,5900,40325109,6834.7642372881355,5900,1
run_2026-07-30T11-00-12_42,steady_state_branch_merge_9_minimal,branch_merge_9,minimal,static_compiled,4,2,5900,130118189,22053.93033898305,5900,1
run_2026-07-30T11-00-12_42,steady_state_branch_merge_9_minimal,branch_merge_9,minimal,versioned_compiled,4,3,5900,165382698,28030.965762711865,5900,1
run_2026-07-30T11-00-12_42,steady_state_branch_merge_9_minimal,branch_merge_9,minimal,versioned_compiled,5,1,5900,163180557,27657.721525423727,5900,1
run_2026-07-30T11-00-12_42,steady_state_branch_merge_9_minimal,branch_merge_9,minimal,static_compiled,5,2,5900,126568138,21452.226779661018,5900,1
run_2026-07-30T11-00-12_42,steady_state_branch_merge_9_minimal,branch_merge_9,minimal,hard_coded,5,3,5900,41527709,7038.594745762712,5900,1
run_2026-07-30T11-00-12_42,steady_state_branch_merge_9_minimal,branch_merge_9,minimal,static_compiled,6,1,5900,130199001,22067.627288135594,5900,1
run_2026-07-30T11-00-12_42,steady_state_branch_merge_9_minimal,branch_merge_9,minimal,hard_coded,6,2,5900,39575101,6707.644237288136,5900,1
run_2026-07-30T11-00-12_42,steady_state_branch_merge_9_minimal,branch_merge_9,minimal,versioned_compiled,6,3,5900,160483017,27200.5113559322,5900,1
run_2026-07-30T11-00-12_42,steady_state_branch_merge_9_minimal,branch_merge_9,minimal,hard_coded,7,1,5900,39294452,6660.076610169492,5900,1
run_2026-07-30T11-00-12_42,steady_state_branch_merge_9_minimal,branch_merge_9,minimal,static_compiled,7,2,5900,126702049,21474.923559322033,5900,1
run_2026-07-30T11-00-12_42,steady_state_branch_merge_9_minimal,branch_merge_9,minimal,versioned_compiled,7,3,5900,160757364,27247.010847457626,5900,1
run_2026-07-30T11-00-12_42,steady_state_branch_merge_9_minimal,branch_merge_9,minimal,versioned_compiled,8,1,5900,154748295,26228.524576271186,5900,1
run_2026-07-30T11-00-12_42,steady_state_branch_merge_9_minimal,branch_merge_9,minimal,static_compiled,8,2,5900,121579080,20606.62372881356,5900,1
run_2026-07-30T11-00-12_42,steady_state_branch_merge_9_minimal,branch_merge_9,minimal,hard_coded,8,3,5900,38547754,6533.517627118644,5900,1
run_2026-07-30T11-00-12_42,steady_state_branch_merge_9_minimal,branch_merge_9,minimal,static_compiled,9,1,5900,125454933,21263.547966101694,5900,1
run_2026-07-30T11-00-12_42,steady_state_branch_merge_9_minimal,branch_merge_9,minimal,hard_coded,9,2,5900,39175840,6639.972881355932,5900,1
run_2026-07-30T11-00-12_42,steady_state_branch_merge_9_minimal,branch_merge_9,minimal,versioned_compiled,9,3,5900,152530716,25852.66372881356,5900,1
run_2026-07-30T11-00-12_42,steady_state_branch_merge_9_minimal,branch_merge_9,minimal,hard_coded,10,1,5900,39419021,6681.19,5900,1
run_2026-07-30T11-00-12_42,steady_state_branch_merge_9_minimal,branch_merge_9,minimal,static_compiled,10,2,5900,129907639,22018.243898305085,5900,1
run_2026-07-30T11-00-12_42,steady_state_branch_merge_9_minimal,branch_merge_9,minimal,versioned_compiled,10,3,5900,165638506,28074.32305084746,5900,1
run_2026-07-30T11-00-12_42,steady_state_branch_merge_9_minimal,branch_merge_9,minimal,versioned_compiled,11,1,5900,162819958,27596.603050847458,5900,1
run_2026-07-30T11-00-12_42,steady_state_branch_merge_9_minimal,branch_merge_9,minimal,static_compiled,11,2,5900,127235062,21565.264745762714,5900,1
run_2026-07-30T11-00-12_42,steady_state_branch_merge_9_minimal,branch_merge_9,minimal,hard_coded,11,3,5900,38487546,6523.312881355932,5900,1
run_2026-07-30T11-00-12_42,steady_state_branch_merge_9_minimal,branch_merge_9,minimal,static_compiled,12,1,5900,123491343,20930.736101694914,5900,1
run_2026-07-30T11-00-12_42,steady_state_branch_merge_9_minimal,branch_merge_9,minimal,hard_coded,12,2,5900,39506352,6695.991864406779,5900,1
run_2026-07-30T11-00-12_42,steady_state_branch_merge_9_minimal,branch_merge_9,minimal,versioned_compiled,12,3,5900,160066784,27129.963389830507,5900,1
run_2026-07-30T11-00-12_42,steady_state_branch_merge_9_minimal,branch_merge_9,minimal,hard_coded,13,1,5900,37814409,6409.22186440678,5900,1
run_2026-07-30T11-00-12_42,steady_state_branch_merge_9_minimal,branch_merge_9,minimal,static_compiled,13,2,5900,127737071,21650.351016949153,5900,1
run_2026-07-30T11-00-12_42,steady_state_branch_merge_9_minimal,branch_merge_9,minimal,versioned_compiled,13,3,5900,168716797,28596.067288135593,5900,1
run_2026-07-30T11-00-12_42,steady_state_branch_merge_9_minimal,branch_merge_9,minimal,versioned_compiled,14,1,5900,167656709,28416.391355932203,5900,1
run_2026-07-30T11-00-12_42,steady_state_branch_merge_9_minimal,branch_merge_9,minimal,static_compiled,14,2,5900,151730479,25717.03033898305,5900,1
run_2026-07-30T11-00-12_42,steady_state_branch_merge_9_minimal,branch_merge_9,minimal,hard_coded,14,3,5900,42492380,7202.098305084745,5900,1
run_2026-07-30T11-00-12_42,steady_state_branch_merge_9_minimal,branch_merge_9,minimal,static_compiled,15,1,5900,127088123,21540.359830508474,5900,1
run_2026-07-30T11-00-12_42,steady_state_branch_merge_9_minimal,branch_merge_9,minimal,hard_coded,15,2,5900,37779472,6403.300338983051,5900,1
run_2026-07-30T11-00-12_42,steady_state_branch_merge_9_minimal,branch_merge_9,minimal,versioned_compiled,15,3,5900,157185544,26641.617627118645,5900,1
run_2026-07-30T11-00-12_42,steady_state_branch_merge_9_minimal,branch_merge_9,minimal,hard_coded,16,1,5900,39724769,6733.011694915254,5900,1
run_2026-07-30T11-00-12_42,steady_state_branch_merge_9_minimal,branch_merge_9,minimal,static_compiled,16,2,5900,132122159,22393.58627118644,5900,1
run_2026-07-30T11-00-12_42,steady_state_branch_merge_9_minimal,branch_merge_9,minimal,versioned_compiled,16,3,5900,165250734,28008.598983050848,5900,1
run_2026-07-30T11-00-12_42,steady_state_branch_merge_9_minimal,branch_merge_9,minimal,versioned_compiled,17,1,5900,156150127,26466.123220338985,5900,1
run_2026-07-30T11-00-12_42,steady_state_branch_merge_9_minimal,branch_merge_9,minimal,static_compiled,17,2,5900,121674497,20622.796101694916,5900,1
run_2026-07-30T11-00-12_42,steady_state_branch_merge_9_minimal,branch_merge_9,minimal,hard_coded,17,3,5900,39900082,6762.725762711864,5900,1
run_2026-07-30T11-00-12_42,steady_state_branch_merge_9_minimal,branch_merge_9,minimal,static_compiled,18,1,5900,127903988,21678.642033898304,5900,1
run_2026-07-30T11-00-12_42,steady_state_branch_merge_9_minimal,branch_merge_9,minimal,hard_coded,18,2,5900,40824505,6919.407627118644,5900,1
run_2026-07-30T11-00-12_42,steady_state_branch_merge_9_minimal,branch_merge_9,minimal,versioned_compiled,18,3,5900,166513630,28222.649152542373,5900,1
run_2026-07-30T11-00-12_42,steady_state_branch_merge_9_minimal,branch_merge_9,minimal,hard_coded,19,1,5900,37806509,6407.882881355932,5900,1
run_2026-07-30T11-00-12_42,steady_state_branch_merge_9_minimal,branch_merge_9,minimal,static_compiled,19,2,5900,134101472,22729.063050847457,5900,1
run_2026-07-30T11-00-12_42,steady_state_branch_merge_9_minimal,branch_merge_9,minimal,versioned_compiled,19,3,5900,168841158,28617.145423728813,5900,1
run_2026-07-30T11-00-12_42,steady_state_branch_merge_9_minimal,branch_merge_9,minimal,versioned_compiled,20,1,5900,164846047,27940.007966101693,5900,1
run_2026-07-30T11-00-12_42,steady_state_branch_merge_9_minimal,branch_merge_9,minimal,static_compiled,20,2,5900,126691262,21473.095254237287,5900,1
run_2026-07-30T11-00-12_42,steady_state_branch_merge_9_minimal,branch_merge_9,minimal,hard_coded,20,3,5900,41909692,7103.337627118644,5900,1
run_2026-07-30T11-00-12_42,steady_state_branch_merge_9_minimal,branch_merge_9,minimal,static_compiled,21,1,5900,130409444,22103.29559322034,5900,1
run_2026-07-30T11-00-12_42,steady_state_branch_merge_9_minimal,branch_merge_9,minimal,hard_coded,21,2,5900,39138992,6633.727457627118,5900,1
run_2026-07-30T11-00-12_42,steady_state_branch_merge_9_minimal,branch_merge_9,minimal,versioned_compiled,21,3,5900,161729212,27411.730847457628,5900,1
run_2026-07-30T11-00-12_42,steady_state_branch_merge_9_minimal,branch_merge_9,minimal,hard_coded,22,1,5900,37311712,6324.018983050847,5900,1
run_2026-07-30T11-00-12_42,steady_state_branch_merge_9_minimal,branch_merge_9,minimal,static_compiled,22,2,5900,127797747,21660.63508474576,5900,1
run_2026-07-30T11-00-12_42,steady_state_branch_merge_9_minimal,branch_merge_9,minimal,versioned_compiled,22,3,5900,157719516,26732.121355932202,5900,1
run_2026-07-30T11-00-12_42,steady_state_branch_merge_9_minimal,branch_merge_9,minimal,versioned_compiled,23,1,5900,159743463,27075.16322033898,5900,1
run_2026-07-30T11-00-12_42,steady_state_branch_merge_9_minimal,branch_merge_9,minimal,static_compiled,23,2,5900,120750939,20466.260847457626,5900,1
run_2026-07-30T11-00-12_42,steady_state_branch_merge_9_minimal,branch_merge_9,minimal,hard_coded,23,3,5900,38952876,6602.182372881356,5900,1
run_2026-07-30T11-00-12_42,steady_state_branch_merge_9_minimal,branch_merge_9,minimal,static_compiled,24,1,5900,122338502,20735.3393220339,5900,1
run_2026-07-30T11-00-12_42,steady_state_branch_merge_9_minimal,branch_merge_9,minimal,hard_coded,24,2,5900,39245862,6651.841016949153,5900,1
run_2026-07-30T11-00-12_42,steady_state_branch_merge_9_minimal,branch_merge_9,minimal,versioned_compiled,24,3,5900,161472359,27368.196440677966,5900,1
run_2026-07-30T11-00-12_42,steady_state_branch_merge_9_minimal,branch_merge_9,minimal,hard_coded,25,1,5900,38794343,6575.312372881356,5900,1
run_2026-07-30T11-00-12_42,steady_state_branch_merge_9_minimal,branch_merge_9,minimal,static_compiled,25,2,5900,127011733,21527.412372881357,5900,1
run_2026-07-30T11-00-12_42,steady_state_branch_merge_9_minimal,branch_merge_9,minimal,versioned_compiled,25,3,5900,162125810,27478.95084745763,5900,1
run_2026-07-30T11-00-12_42,steady_state_branch_merge_9_minimal,branch_merge_9,minimal,versioned_compiled,26,1,5900,165124569,27987.215084745763,5900,1
run_2026-07-30T11-00-12_42,steady_state_branch_merge_9_minimal,branch_merge_9,minimal,static_compiled,26,2,5900,123969573,21011.792033898306,5900,1
run_2026-07-30T11-00-12_42,steady_state_branch_merge_9_minimal,branch_merge_9,minimal,hard_coded,26,3,5900,39272570,6656.3677966101695,5900,1
run_2026-07-30T11-00-12_42,steady_state_branch_merge_9_minimal,branch_merge_9,minimal,static_compiled,27,1,5900,119187776,20201.317966101695,5900,1
run_2026-07-30T11-00-12_42,steady_state_branch_merge_9_minimal,branch_merge_9,minimal,hard_coded,27,2,5900,37378730,6335.377966101695,5900,1
run_2026-07-30T11-00-12_42,steady_state_branch_merge_9_minimal,branch_merge_9,minimal,versioned_compiled,27,3,5900,159588287,27048.862203389832,5900,1
run_2026-07-30T11-00-12_42,steady_state_branch_merge_9_minimal,branch_merge_9,minimal,hard_coded,28,1,5900,37450357,6347.51813559322,5900,1
run_2026-07-30T11-00-12_42,steady_state_branch_merge_9_minimal,branch_merge_9,minimal,static_compiled,28,2,5900,132417402,22443.627457627117,5900,1
run_2026-07-30T11-00-12_42,steady_state_branch_merge_9_minimal,branch_merge_9,minimal,versioned_compiled,28,3,5900,158925203,26936.47508474576,5900,1
run_2026-07-30T11-00-12_42,steady_state_branch_merge_9_minimal,branch_merge_9,minimal,versioned_compiled,29,1,5900,176346448,29889.22847457627,5900,1
run_2026-07-30T11-00-12_42,steady_state_branch_merge_9_minimal,branch_merge_9,minimal,static_compiled,29,2,5900,150497910,25508.12033898305,5900,1
run_2026-07-30T11-00-12_42,steady_state_branch_merge_9_minimal,branch_merge_9,minimal,hard_coded,29,3,5900,40200597,6813.660508474576,5900,1
run_2026-07-30T11-00-12_42,steady_state_branch_merge_9_minimal,branch_merge_9,minimal,static_compiled,30,1,5900,131085500,22217.881355932204,5900,1
run_2026-07-30T11-00-12_42,steady_state_branch_merge_9_minimal,branch_merge_9,minimal,hard_coded,30,2,5900,39712443,6730.922542372881,5900,1
run_2026-07-30T11-00-12_42,steady_state_branch_merge_9_minimal,branch_merge_9,minimal,versioned_compiled,30,3,5900,165271120,28012.054237288135,5900,1
run_2026-07-30T11-00-12_42,steady_state_branch_merge_9_approximately_1_ms,branch_merge_9,approximately_1_ms,hard_coded,1,1,20,177067504,8853375.2,20,1
run_2026-07-30T11-00-12_42,steady_state_branch_merge_9_approximately_1_ms,branch_merge_9,approximately_1_ms,static_compiled,1,2,20,177281959,8864097.95,20,1
run_2026-07-30T11-00-12_42,steady_state_branch_merge_9_approximately_1_ms,branch_merge_9,approximately_1_ms,versioned_compiled,1,3,20,177724528,8886226.4,20,1
run_2026-07-30T11-00-12_42,steady_state_branch_merge_9_approximately_1_ms,branch_merge_9,approximately_1_ms,versioned_compiled,2,1,20,180980531,9049026.55,20,1
run_2026-07-30T11-00-12_42,steady_state_branch_merge_9_approximately_1_ms,branch_merge_9,approximately_1_ms,static_compiled,2,2,20,170960414,8548020.7,20,1
run_2026-07-30T11-00-12_42,steady_state_branch_merge_9_approximately_1_ms,branch_merge_9,approximately_1_ms,hard_coded,2,3,20,178200946,8910047.3,20,1
run_2026-07-30T11-00-12_42,steady_state_branch_merge_9_approximately_1_ms,branch_merge_9,approximately_1_ms,static_compiled,3,1,20,181888502,9094425.1,20,1
run_2026-07-30T11-00-12_42,steady_state_branch_merge_9_approximately_1_ms,branch_merge_9,approximately_1_ms,hard_coded,3,2,20,172508184,8625409.2,20,1
run_2026-07-30T11-00-12_42,steady_state_branch_merge_9_approximately_1_ms,branch_merge_9,approximately_1_ms,versioned_compiled,3,3,20,179039473,8951973.65,20,1
run_2026-07-30T11-00-12_42,steady_state_branch_merge_9_approximately_1_ms,branch_merge_9,approximately_1_ms,hard_coded,4,1,20,177665348,8883267.4,20,1
run_2026-07-30T11-00-12_42,steady_state_branch_merge_9_approximately_1_ms,branch_merge_9,approximately_1_ms,static_compiled,4,2,20,181011515,9050575.75,20,1
run_2026-07-30T11-00-12_42,steady_state_branch_merge_9_approximately_1_ms,branch_merge_9,approximately_1_ms,versioned_compiled,4,3,20,178091438,8904571.9,20,1
run_2026-07-30T11-00-12_42,steady_state_branch_merge_9_approximately_1_ms,branch_merge_9,approximately_1_ms,versioned_compiled,5,1,20,181607527,9080376.35,20,1
run_2026-07-30T11-00-12_42,steady_state_branch_merge_9_approximately_1_ms,branch_merge_9,approximately_1_ms,static_compiled,5,2,20,181453840,9072692.0,20,1
run_2026-07-30T11-00-12_42,steady_state_branch_merge_9_approximately_1_ms,branch_merge_9,approximately_1_ms,hard_coded,5,3,20,180275081,9013754.05,20,1
run_2026-07-30T11-00-12_42,steady_state_branch_merge_9_approximately_1_ms,branch_merge_9,approximately_1_ms,static_compiled,6,1,20,175184412,8759220.6,20,1
run_2026-07-30T11-00-12_42,steady_state_branch_merge_9_approximately_1_ms,branch_merge_9,approximately_1_ms,hard_coded,6,2,20,176382630,8819131.5,20,1
run_2026-07-30T11-00-12_42,steady_state_branch_merge_9_approximately_1_ms,branch_merge_9,approximately_1_ms,versioned_compiled,6,3,20,175796898,8789844.9,20,1
run_2026-07-30T11-00-12_42,steady_state_branch_merge_9_approximately_1_ms,branch_merge_9,approximately_1_ms,hard_coded,7,1,20,173392716,8669635.8,20,1
run_2026-07-30T11-00-12_42,steady_state_branch_merge_9_approximately_1_ms,branch_merge_9,approximately_1_ms,static_compiled,7,2,20,173801869,8690093.45,20,1
run_2026-07-30T11-00-12_42,steady_state_branch_merge_9_approximately_1_ms,branch_merge_9,approximately_1_ms,versioned_compiled,7,3,20,176276965,8813848.25,20,1
run_2026-07-30T11-00-12_42,steady_state_branch_merge_9_approximately_1_ms,branch_merge_9,approximately_1_ms,versioned_compiled,8,1,20,174421150,8721057.5,20,1
run_2026-07-30T11-00-12_42,steady_state_branch_merge_9_approximately_1_ms,branch_merge_9,approximately_1_ms,static_compiled,8,2,20,176351472,8817573.6,20,1
run_2026-07-30T11-00-12_42,steady_state_branch_merge_9_approximately_1_ms,branch_merge_9,approximately_1_ms,hard_coded,8,3,20,175325229,8766261.45,20,1
run_2026-07-30T11-00-12_42,steady_state_branch_merge_9_approximately_1_ms,branch_merge_9,approximately_1_ms,static_compiled,9,1,20,176241059,8812052.95,20,1
run_2026-07-30T11-00-12_42,steady_state_branch_merge_9_approximately_1_ms,branch_merge_9,approximately_1_ms,hard_coded,9,2,20,178410084,8920504.2,20,1
run_2026-07-30T11-00-12_42,steady_state_branch_merge_9_approximately_1_ms,branch_merge_9,approximately_1_ms,versioned_compiled,9,3,20,185943817,9297190.85,20,1
run_2026-07-30T11-00-12_42,steady_state_branch_merge_9_approximately_1_ms,branch_merge_9,approximately_1_ms,hard_coded,10,1,20,178747607,8937380.35,20,1
run_2026-07-30T11-00-12_42,steady_state_branch_merge_9_approximately_1_ms,branch_merge_9,approximately_1_ms,static_compiled,10,2,20,178541532,8927076.6,20,1
run_2026-07-30T11-00-12_42,steady_state_branch_merge_9_approximately_1_ms,branch_merge_9,approximately_1_ms,versioned_compiled,10,3,20,180136971,9006848.55,20,1
run_2026-07-30T11-00-12_42,steady_state_branch_merge_9_approximately_1_ms,branch_merge_9,approximately_1_ms,versioned_compiled,11,1,20,180593816,9029690.8,20,1
run_2026-07-30T11-00-12_42,steady_state_branch_merge_9_approximately_1_ms,branch_merge_9,approximately_1_ms,static_compiled,11,2,20,176032323,8801616.15,20,1
run_2026-07-30T11-00-12_42,steady_state_branch_merge_9_approximately_1_ms,branch_merge_9,approximately_1_ms,hard_coded,11,3,20,172041167,8602058.35,20,1
run_2026-07-30T11-00-12_42,steady_state_branch_merge_9_approximately_1_ms,branch_merge_9,approximately_1_ms,static_compiled,12,1,20,181681613,9084080.65,20,1
run_2026-07-30T11-00-12_42,steady_state_branch_merge_9_approximately_1_ms,branch_merge_9,approximately_1_ms,hard_coded,12,2,20,180234952,9011747.6,20,1
run_2026-07-30T11-00-12_42,steady_state_branch_merge_9_approximately_1_ms,branch_merge_9,approximately_1_ms,versioned_compiled,12,3,20,176720794,8836039.7,20,1
run_2026-07-30T11-00-12_42,steady_state_branch_merge_9_approximately_1_ms,branch_merge_9,approximately_1_ms,hard_coded,13,1,20,172688379,8634418.95,20,1
run_2026-07-30T11-00-12_42,steady_state_branch_merge_9_approximately_1_ms,branch_merge_9,approximately_1_ms,static_compiled,13,2,20,175839873,8791993.65,20,1
run_2026-07-30T11-00-12_42,steady_state_branch_merge_9_approximately_1_ms,branch_merge_9,approximately_1_ms,versioned_compiled,13,3,20,176796243,8839812.15,20,1
run_2026-07-30T11-00-12_42,steady_state_branch_merge_9_approximately_1_ms,branch_merge_9,approximately_1_ms,versioned_compiled,14,1,20,172769293,8638464.65,20,1
run_2026-07-30T11-00-12_42,steady_state_branch_merge_9_approximately_1_ms,branch_merge_9,approximately_1_ms,static_compiled,14,2,20,177343710,8867185.5,20,1
run_2026-07-30T11-00-12_42,steady_state_branch_merge_9_approximately_1_ms,branch_merge_9,approximately_1_ms,hard_coded,14,3,20,177634746,8881737.3,20,1
run_2026-07-30T11-00-12_42,steady_state_branch_merge_9_approximately_1_ms,branch_merge_9,approximately_1_ms,static_compiled,15,1,20,180569984,9028499.2,20,1
run_2026-07-30T11-00-12_42,steady_state_branch_merge_9_approximately_1_ms,branch_merge_9,approximately_1_ms,hard_coded,15,2,20,176516478,8825823.9,20,1
run_2026-07-30T11-00-12_42,steady_state_branch_merge_9_approximately_1_ms,branch_merge_9,approximately_1_ms,versioned_compiled,15,3,20,184921326,9246066.3,20,1
run_2026-07-30T11-00-12_42,steady_state_branch_merge_9_approximately_1_ms,branch_merge_9,approximately_1_ms,hard_coded,16,1,20,175363611,8768180.55,20,1
run_2026-07-30T11-00-12_42,steady_state_branch_merge_9_approximately_1_ms,branch_merge_9,approximately_1_ms,static_compiled,16,2,20,178607845,8930392.25,20,1
run_2026-07-30T11-00-12_42,steady_state_branch_merge_9_approximately_1_ms,branch_merge_9,approximately_1_ms,versioned_compiled,16,3,20,171310910,8565545.5,20,1
run_2026-07-30T11-00-12_42,steady_state_branch_merge_9_approximately_1_ms,branch_merge_9,approximately_1_ms,versioned_compiled,17,1,20,176696552,8834827.6,20,1
run_2026-07-30T11-00-12_42,steady_state_branch_merge_9_approximately_1_ms,branch_merge_9,approximately_1_ms,static_compiled,17,2,20,180802129,9040106.45,20,1
run_2026-07-30T11-00-12_42,steady_state_branch_merge_9_approximately_1_ms,branch_merge_9,approximately_1_ms,hard_coded,17,3,20,178171340,8908567.0,20,1
run_2026-07-30T11-00-12_42,steady_state_branch_merge_9_approximately_1_ms,branch_merge_9,approximately_1_ms,static_compiled,18,1,20,198712706,9935635.3,20,1
run_2026-07-30T11-00-12_42,steady_state_branch_merge_9_approximately_1_ms,branch_merge_9,approximately_1_ms,hard_coded,18,2,20,191101051,9555052.55,20,1
run_2026-07-30T11-00-12_42,steady_state_branch_merge_9_approximately_1_ms,branch_merge_9,approximately_1_ms,versioned_compiled,18,3,20,183126875,9156343.75,20,1
run_2026-07-30T11-00-12_42,steady_state_branch_merge_9_approximately_1_ms,branch_merge_9,approximately_1_ms,hard_coded,19,1,20,176571392,8828569.6,20,1
run_2026-07-30T11-00-12_42,steady_state_branch_merge_9_approximately_1_ms,branch_merge_9,approximately_1_ms,static_compiled,19,2,20,184224930,9211246.5,20,1
run_2026-07-30T11-00-12_42,steady_state_branch_merge_9_approximately_1_ms,branch_merge_9,approximately_1_ms,versioned_compiled,19,3,20,187452614,9372630.7,20,1
run_2026-07-30T11-00-12_42,steady_state_branch_merge_9_approximately_1_ms,branch_merge_9,approximately_1_ms,versioned_compiled,20,1,20,189870309,9493515.45,20,1
run_2026-07-30T11-00-12_42,steady_state_branch_merge_9_approximately_1_ms,branch_merge_9,approximately_1_ms,static_compiled,20,2,20,176371164,8818558.2,20,1
run_2026-07-30T11-00-12_42,steady_state_branch_merge_9_approximately_1_ms,branch_merge_9,approximately_1_ms,hard_coded,20,3,20,182508064,9125403.2,20,1
run_2026-07-30T11-00-12_42,steady_state_branch_merge_9_approximately_1_ms,branch_merge_9,approximately_1_ms,static_compiled,21,1,20,175714722,8785736.1,20,1
run_2026-07-30T11-00-12_42,steady_state_branch_merge_9_approximately_1_ms,branch_merge_9,approximately_1_ms,hard_coded,21,2,20,185362330,9268116.5,20,1
run_2026-07-30T11-00-12_42,steady_state_branch_merge_9_approximately_1_ms,branch_merge_9,approximately_1_ms,versioned_compiled,21,3,20,182788870,9139443.5,20,1
run_2026-07-30T11-00-12_42,steady_state_branch_merge_9_approximately_1_ms,branch_merge_9,approximately_1_ms,hard_coded,22,1,20,183524707,9176235.35,20,1
run_2026-07-30T11-00-12_42,steady_state_branch_merge_9_approximately_1_ms,branch_merge_9,approximately_1_ms,static_compiled,22,2,20,181625679,9081283.95,20,1
run_2026-07-30T11-00-12_42,steady_state_branch_merge_9_approximately_1_ms,branch_merge_9,approximately_1_ms,versioned_compiled,22,3,20,179220868,8961043.4,20,1
run_2026-07-30T11-00-12_42,steady_state_branch_merge_9_approximately_1_ms,branch_merge_9,approximately_1_ms,versioned_compiled,23,1,20,178115600,8905780.0,20,1
run_2026-07-30T11-00-12_42,steady_state_branch_merge_9_approximately_1_ms,branch_merge_9,approximately_1_ms,static_compiled,23,2,20,185124729,9256236.45,20,1
run_2026-07-30T11-00-12_42,steady_state_branch_merge_9_approximately_1_ms,branch_merge_9,approximately_1_ms,hard_coded,23,3,20,177809474,8890473.7,20,1
run_2026-07-30T11-00-12_42,steady_state_branch_merge_9_approximately_1_ms,branch_merge_9,approximately_1_ms,static_compiled,24,1,20,179963261,8998163.05,20,1
run_2026-07-30T11-00-12_42,steady_state_branch_merge_9_approximately_1_ms,branch_merge_9,approximately_1_ms,hard_coded,24,2,20,186788034,9339401.7,20,1
run_2026-07-30T11-00-12_42,steady_state_branch_merge_9_approximately_1_ms,branch_merge_9,approximately_1_ms,versioned_compiled,24,3,20,178285916,8914295.8,20,1
run_2026-07-30T11-00-12_42,steady_state_branch_merge_9_approximately_1_ms,branch_merge_9,approximately_1_ms,hard_coded,25,1,20,170390957,8519547.85,20,1
run_2026-07-30T11-00-12_42,steady_state_branch_merge_9_approximately_1_ms,branch_merge_9,approximately_1_ms,static_compiled,25,2,20,180123053,9006152.65,20,1
run_2026-07-30T11-00-12_42,steady_state_branch_merge_9_approximately_1_ms,branch_merge_9,approximately_1_ms,versioned_compiled,25,3,20,180577283,9028864.15,20,1
run_2026-07-30T11-00-12_42,steady_state_branch_merge_9_approximately_1_ms,branch_merge_9,approximately_1_ms,versioned_compiled,26,1,20,181219512,9060975.6,20,1
run_2026-07-30T11-00-12_42,steady_state_branch_merge_9_approximately_1_ms,branch_merge_9,approximately_1_ms,static_compiled,26,2,20,177863038,8893151.9,20,1
run_2026-07-30T11-00-12_42,steady_state_branch_merge_9_approximately_1_ms,branch_merge_9,approximately_1_ms,hard_coded,26,3,20,177555570,8877778.5,20,1
run_2026-07-30T11-00-12_42,steady_state_branch_merge_9_approximately_1_ms,branch_merge_9,approximately_1_ms,static_compiled,27,1,20,178841241,8942062.05,20,1
run_2026-07-30T11-00-12_42,steady_state_branch_merge_9_approximately_1_ms,branch_merge_9,approximately_1_ms,hard_coded,27,2,20,181276182,9063809.1,20,1
run_2026-07-30T11-00-12_42,steady_state_branch_merge_9_approximately_1_ms,branch_merge_9,approximately_1_ms,versioned_compiled,27,3,20,180418936,9020946.8,20,1
run_2026-07-30T11-00-12_42,steady_state_branch_merge_9_approximately_1_ms,branch_merge_9,approximately_1_ms,hard_coded,28,1,20,178614214,8930710.7,20,1
run_2026-07-30T11-00-12_42,steady_state_branch_merge_9_approximately_1_ms,branch_merge_9,approximately_1_ms,static_compiled,28,2,20,179781998,8989099.9,20,1
run_2026-07-30T11-00-12_42,steady_state_branch_merge_9_approximately_1_ms,branch_merge_9,approximately_1_ms,versioned_compiled,28,3,20,179112876,8955643.8,20,1
run_2026-07-30T11-00-12_42,steady_state_branch_merge_9_approximately_1_ms,branch_merge_9,approximately_1_ms,versioned_compiled,29,1,20,177790453,8889522.65,20,1
run_2026-07-30T11-00-12_42,steady_state_branch_merge_9_approximately_1_ms,branch_merge_9,approximately_1_ms,static_compiled,29,2,20,176983095,8849154.75,20,1
run_2026-07-30T11-00-12_42,steady_state_branch_merge_9_approximately_1_ms,branch_merge_9,approximately_1_ms,hard_coded,29,3,20,179611244,8980562.2,20,1
run_2026-07-30T11-00-12_42,steady_state_branch_merge_9_approximately_1_ms,branch_merge_9,approximately_1_ms,static_compiled,30,1,20,177867130,8893356.5,20,1
run_2026-07-30T11-00-12_42,steady_state_branch_merge_9_approximately_1_ms,branch_merge_9,approximately_1_ms,hard_coded,30,2,20,180450969,9022548.45,20,1
run_2026-07-30T11-00-12_42,steady_state_branch_merge_9_approximately_1_ms,branch_merge_9,approximately_1_ms,versioned_compiled,30,3,20,177576855,8878842.75,20,1
run_2026-07-30T11-00-12_42,steady_state_branch_merge_9_approximately_5_ms,branch_merge_9,approximately_5_ms,hard_coded,1,1,20,970029811,48501490.55,20,1
run_2026-07-30T11-00-12_42,steady_state_branch_merge_9_approximately_5_ms,branch_merge_9,approximately_5_ms,static_compiled,1,2,20,948385462,47419273.1,20,1
run_2026-07-30T11-00-12_42,steady_state_branch_merge_9_approximately_5_ms,branch_merge_9,approximately_5_ms,versioned_compiled,1,3,20,942513669,47125683.45,20,1
run_2026-07-30T11-00-12_42,steady_state_branch_merge_9_approximately_5_ms,branch_merge_9,approximately_5_ms,versioned_compiled,2,1,20,940494604,47024730.2,20,1
run_2026-07-30T11-00-12_42,steady_state_branch_merge_9_approximately_5_ms,branch_merge_9,approximately_5_ms,static_compiled,2,2,20,922678696,46133934.8,20,1
run_2026-07-30T11-00-12_42,steady_state_branch_merge_9_approximately_5_ms,branch_merge_9,approximately_5_ms,hard_coded,2,3,20,922064072,46103203.6,20,1
run_2026-07-30T11-00-12_42,steady_state_branch_merge_9_approximately_5_ms,branch_merge_9,approximately_5_ms,static_compiled,3,1,20,937294999,46864749.95,20,1
run_2026-07-30T11-00-12_42,steady_state_branch_merge_9_approximately_5_ms,branch_merge_9,approximately_5_ms,hard_coded,3,2,20,929158266,46457913.3,20,1
run_2026-07-30T11-00-12_42,steady_state_branch_merge_9_approximately_5_ms,branch_merge_9,approximately_5_ms,versioned_compiled,3,3,20,942121709,47106085.45,20,1
run_2026-07-30T11-00-12_42,steady_state_branch_merge_9_approximately_5_ms,branch_merge_9,approximately_5_ms,hard_coded,4,1,20,927026931,46351346.55,20,1
run_2026-07-30T11-00-12_42,steady_state_branch_merge_9_approximately_5_ms,branch_merge_9,approximately_5_ms,static_compiled,4,2,20,916550447,45827522.35,20,1
run_2026-07-30T11-00-12_42,steady_state_branch_merge_9_approximately_5_ms,branch_merge_9,approximately_5_ms,versioned_compiled,4,3,20,957639490,47881974.5,20,1
run_2026-07-30T11-00-12_42,steady_state_branch_merge_9_approximately_5_ms,branch_merge_9,approximately_5_ms,versioned_compiled,5,1,20,937707547,46885377.35,20,1
run_2026-07-30T11-00-12_42,steady_state_branch_merge_9_approximately_5_ms,branch_merge_9,approximately_5_ms,static_compiled,5,2,20,930998309,46549915.45,20,1
run_2026-07-30T11-00-12_42,steady_state_branch_merge_9_approximately_5_ms,branch_merge_9,approximately_5_ms,hard_coded,5,3,20,944050473,47202523.65,20,1
run_2026-07-30T11-00-12_42,steady_state_branch_merge_9_approximately_5_ms,branch_merge_9,approximately_5_ms,static_compiled,6,1,20,927323507,46366175.35,20,1
run_2026-07-30T11-00-12_42,steady_state_branch_merge_9_approximately_5_ms,branch_merge_9,approximately_5_ms,hard_coded,6,2,20,926466432,46323321.6,20,1
run_2026-07-30T11-00-12_42,steady_state_branch_merge_9_approximately_5_ms,branch_merge_9,approximately_5_ms,versioned_compiled,6,3,20,928066661,46403333.05,20,1
run_2026-07-30T11-00-12_42,steady_state_branch_merge_9_approximately_5_ms,branch_merge_9,approximately_5_ms,hard_coded,7,1,20,1091017742,54550887.1,20,1
run_2026-07-30T11-00-12_42,steady_state_branch_merge_9_approximately_5_ms,branch_merge_9,approximately_5_ms,static_compiled,7,2,20,943575254,47178762.7,20,1
run_2026-07-30T11-00-12_42,steady_state_branch_merge_9_approximately_5_ms,branch_merge_9,approximately_5_ms,versioned_compiled,7,3,20,952848246,47642412.3,20,1
run_2026-07-30T11-00-12_42,steady_state_branch_merge_9_approximately_5_ms,branch_merge_9,approximately_5_ms,versioned_compiled,8,1,20,934703524,46735176.2,20,1
run_2026-07-30T11-00-12_42,steady_state_branch_merge_9_approximately_5_ms,branch_merge_9,approximately_5_ms,static_compiled,8,2,20,935134717,46756735.85,20,1
run_2026-07-30T11-00-12_42,steady_state_branch_merge_9_approximately_5_ms,branch_merge_9,approximately_5_ms,hard_coded,8,3,20,944442666,47222133.3,20,1
run_2026-07-30T11-00-12_42,steady_state_branch_merge_9_approximately_5_ms,branch_merge_9,approximately_5_ms,static_compiled,9,1,20,918735837,45936791.85,20,1
run_2026-07-30T11-00-12_42,steady_state_branch_merge_9_approximately_5_ms,branch_merge_9,approximately_5_ms,hard_coded,9,2,20,935150753,46757537.65,20,1
run_2026-07-30T11-00-12_42,steady_state_branch_merge_9_approximately_5_ms,branch_merge_9,approximately_5_ms,versioned_compiled,9,3,20,932044761,46602238.05,20,1
run_2026-07-30T11-00-12_42,steady_state_branch_merge_9_approximately_5_ms,branch_merge_9,approximately_5_ms,hard_coded,10,1,20,926540738,46327036.9,20,1
run_2026-07-30T11-00-12_42,steady_state_branch_merge_9_approximately_5_ms,branch_merge_9,approximately_5_ms,static_compiled,10,2,20,953506845,47675342.25,20,1
run_2026-07-30T11-00-12_42,steady_state_branch_merge_9_approximately_5_ms,branch_merge_9,approximately_5_ms,versioned_compiled,10,3,20,983971945,49198597.25,20,1
run_2026-07-30T11-00-12_42,steady_state_branch_merge_9_approximately_5_ms,branch_merge_9,approximately_5_ms,versioned_compiled,11,1,20,941985882,47099294.1,20,1
run_2026-07-30T11-00-12_42,steady_state_branch_merge_9_approximately_5_ms,branch_merge_9,approximately_5_ms,static_compiled,11,2,20,983755863,49187793.15,20,1
run_2026-07-30T11-00-12_42,steady_state_branch_merge_9_approximately_5_ms,branch_merge_9,approximately_5_ms,hard_coded,11,3,20,931099133,46554956.65,20,1
run_2026-07-30T11-00-12_42,steady_state_branch_merge_9_approximately_5_ms,branch_merge_9,approximately_5_ms,static_compiled,12,1,20,952893898,47644694.9,20,1
run_2026-07-30T11-00-12_42,steady_state_branch_merge_9_approximately_5_ms,branch_merge_9,approximately_5_ms,hard_coded,12,2,20,979594266,48979713.3,20,1
run_2026-07-30T11-00-12_42,steady_state_branch_merge_9_approximately_5_ms,branch_merge_9,approximately_5_ms,versioned_compiled,12,3,20,950152175,47507608.75,20,1
run_2026-07-30T11-00-12_42,steady_state_branch_merge_9_approximately_5_ms,branch_merge_9,approximately_5_ms,hard_coded,13,1,20,939465756,46973287.8,20,1
run_2026-07-30T11-00-12_42,steady_state_branch_merge_9_approximately_5_ms,branch_merge_9,approximately_5_ms,static_compiled,13,2,20,947439698,47371984.9,20,1
run_2026-07-30T11-00-12_42,steady_state_branch_merge_9_approximately_5_ms,branch_merge_9,approximately_5_ms,versioned_compiled,13,3,20,966831728,48341586.4,20,1
run_2026-07-30T11-00-12_42,steady_state_branch_merge_9_approximately_5_ms,branch_merge_9,approximately_5_ms,versioned_compiled,14,1,20,943590592,47179529.6,20,1
run_2026-07-30T11-00-12_42,steady_state_branch_merge_9_approximately_5_ms,branch_merge_9,approximately_5_ms,static_compiled,14,2,20,956944815,47847240.75,20,1
run_2026-07-30T11-00-12_42,steady_state_branch_merge_9_approximately_5_ms,branch_merge_9,approximately_5_ms,hard_coded,14,3,20,950694503,47534725.15,20,1
run_2026-07-30T11-00-12_42,steady_state_branch_merge_9_approximately_5_ms,branch_merge_9,approximately_5_ms,static_compiled,15,1,20,931753177,46587658.85,20,1
run_2026-07-30T11-00-12_42,steady_state_branch_merge_9_approximately_5_ms,branch_merge_9,approximately_5_ms,hard_coded,15,2,20,951229060,47561453.0,20,1
run_2026-07-30T11-00-12_42,steady_state_branch_merge_9_approximately_5_ms,branch_merge_9,approximately_5_ms,versioned_compiled,15,3,20,947269822,47363491.1,20,1
run_2026-07-30T11-00-12_42,steady_state_branch_merge_9_approximately_5_ms,branch_merge_9,approximately_5_ms,hard_coded,16,1,20,951754836,47587741.8,20,1
run_2026-07-30T11-00-12_42,steady_state_branch_merge_9_approximately_5_ms,branch_merge_9,approximately_5_ms,static_compiled,16,2,20,963113751,48155687.55,20,1
run_2026-07-30T11-00-12_42,steady_state_branch_merge_9_approximately_5_ms,branch_merge_9,approximately_5_ms,versioned_compiled,16,3,20,932182333,46609116.65,20,1
run_2026-07-30T11-00-12_42,steady_state_branch_merge_9_approximately_5_ms,branch_merge_9,approximately_5_ms,versioned_compiled,17,1,20,958119336,47905966.8,20,1
run_2026-07-30T11-00-12_42,steady_state_branch_merge_9_approximately_5_ms,branch_merge_9,approximately_5_ms,static_compiled,17,2,20,930558800,46527940.0,20,1
run_2026-07-30T11-00-12_42,steady_state_branch_merge_9_approximately_5_ms,branch_merge_9,approximately_5_ms,hard_coded,17,3,20,923247873,46162393.65,20,1
run_2026-07-30T11-00-12_42,steady_state_branch_merge_9_approximately_5_ms,branch_merge_9,approximately_5_ms,static_compiled,18,1,20,950997652,47549882.6,20,1
run_2026-07-30T11-00-12_42,steady_state_branch_merge_9_approximately_5_ms,branch_merge_9,approximately_5_ms,hard_coded,18,2,20,943591751,47179587.55,20,1
run_2026-07-30T11-00-12_42,steady_state_branch_merge_9_approximately_5_ms,branch_merge_9,approximately_5_ms,versioned_compiled,18,3,20,961135702,48056785.1,20,1
run_2026-07-30T11-00-12_42,steady_state_branch_merge_9_approximately_5_ms,branch_merge_9,approximately_5_ms,hard_coded,19,1,20,971647381,48582369.05,20,1
run_2026-07-30T11-00-12_42,steady_state_branch_merge_9_approximately_5_ms,branch_merge_9,approximately_5_ms,static_compiled,19,2,20,947838273,47391913.65,20,1
run_2026-07-30T11-00-12_42,steady_state_branch_merge_9_approximately_5_ms,branch_merge_9,approximately_5_ms,versioned_compiled,19,3,20,954326825,47716341.25,20,1
run_2026-07-30T11-00-12_42,steady_state_branch_merge_9_approximately_5_ms,branch_merge_9,approximately_5_ms,versioned_compiled,20,1,20,972978356,48648917.8,20,1
run_2026-07-30T11-00-12_42,steady_state_branch_merge_9_approximately_5_ms,branch_merge_9,approximately_5_ms,static_compiled,20,2,20,953675567,47683778.35,20,1
run_2026-07-30T11-00-12_42,steady_state_branch_merge_9_approximately_5_ms,branch_merge_9,approximately_5_ms,hard_coded,20,3,20,942362322,47118116.1,20,1
run_2026-07-30T11-00-12_42,steady_state_branch_merge_9_approximately_5_ms,branch_merge_9,approximately_5_ms,static_compiled,21,1,20,973478362,48673918.1,20,1
run_2026-07-30T11-00-12_42,steady_state_branch_merge_9_approximately_5_ms,branch_merge_9,approximately_5_ms,hard_coded,21,2,20,935970000,46798500.0,20,1
run_2026-07-30T11-00-12_42,steady_state_branch_merge_9_approximately_5_ms,branch_merge_9,approximately_5_ms,versioned_compiled,21,3,20,935524432,46776221.6,20,1
run_2026-07-30T11-00-12_42,steady_state_branch_merge_9_approximately_5_ms,branch_merge_9,approximately_5_ms,hard_coded,22,1,20,943764326,47188216.3,20,1
run_2026-07-30T11-00-12_42,steady_state_branch_merge_9_approximately_5_ms,branch_merge_9,approximately_5_ms,static_compiled,22,2,20,948266146,47413307.3,20,1
run_2026-07-30T11-00-12_42,steady_state_branch_merge_9_approximately_5_ms,branch_merge_9,approximately_5_ms,versioned_compiled,22,3,20,953556712,47677835.6,20,1
run_2026-07-30T11-00-12_42,steady_state_branch_merge_9_approximately_5_ms,branch_merge_9,approximately_5_ms,versioned_compiled,23,1,20,937534710,46876735.5,20,1
run_2026-07-30T11-00-12_42,steady_state_branch_merge_9_approximately_5_ms,branch_merge_9,approximately_5_ms,static_compiled,23,2,20,944942776,47247138.8,20,1
run_2026-07-30T11-00-12_42,steady_state_branch_merge_9_approximately_5_ms,branch_merge_9,approximately_5_ms,hard_coded,23,3,20,937558232,46877911.6,20,1
run_2026-07-30T11-00-12_42,steady_state_branch_merge_9_approximately_5_ms,branch_merge_9,approximately_5_ms,static_compiled,24,1,20,932484905,46624245.25,20,1
run_2026-07-30T11-00-12_42,steady_state_branch_merge_9_approximately_5_ms,branch_merge_9,approximately_5_ms,hard_coded,24,2,20,949267801,47463390.05,20,1
run_2026-07-30T11-00-12_42,steady_state_branch_merge_9_approximately_5_ms,branch_merge_9,approximately_5_ms,versioned_compiled,24,3,20,943685619,47184280.95,20,1
run_2026-07-30T11-00-12_42,steady_state_branch_merge_9_approximately_5_ms,branch_merge_9,approximately_5_ms,hard_coded,25,1,20,937272998,46863649.9,20,1
run_2026-07-30T11-00-12_42,steady_state_branch_merge_9_approximately_5_ms,branch_merge_9,approximately_5_ms,static_compiled,25,2,20,917937624,45896881.2,20,1
run_2026-07-30T11-00-12_42,steady_state_branch_merge_9_approximately_5_ms,branch_merge_9,approximately_5_ms,versioned_compiled,25,3,20,922190404,46109520.2,20,1
run_2026-07-30T11-00-12_42,steady_state_branch_merge_9_approximately_5_ms,branch_merge_9,approximately_5_ms,versioned_compiled,26,1,20,913022870,45651143.5,20,1
run_2026-07-30T11-00-12_42,steady_state_branch_merge_9_approximately_5_ms,branch_merge_9,approximately_5_ms,static_compiled,26,2,20,920577591,46028879.55,20,1
run_2026-07-30T11-00-12_42,steady_state_branch_merge_9_approximately_5_ms,branch_merge_9,approximately_5_ms,hard_coded,26,3,20,922537968,46126898.4,20,1
run_2026-07-30T11-00-12_42,steady_state_branch_merge_9_approximately_5_ms,branch_merge_9,approximately_5_ms,static_compiled,27,1,20,941277781,47063889.05,20,1
run_2026-07-30T11-00-12_42,steady_state_branch_merge_9_approximately_5_ms,branch_merge_9,approximately_5_ms,hard_coded,27,2,20,924849302,46242465.1,20,1
run_2026-07-30T11-00-12_42,steady_state_branch_merge_9_approximately_5_ms,branch_merge_9,approximately_5_ms,versioned_compiled,27,3,20,937254267,46862713.35,20,1
run_2026-07-30T11-00-12_42,steady_state_branch_merge_9_approximately_5_ms,branch_merge_9,approximately_5_ms,hard_coded,28,1,20,946400328,47320016.4,20,1
run_2026-07-30T11-00-12_42,steady_state_branch_merge_9_approximately_5_ms,branch_merge_9,approximately_5_ms,static_compiled,28,2,20,933251910,46662595.5,20,1
run_2026-07-30T11-00-12_42,steady_state_branch_merge_9_approximately_5_ms,branch_merge_9,approximately_5_ms,versioned_compiled,28,3,20,954020115,47701005.75,20,1
run_2026-07-30T11-00-12_42,steady_state_branch_merge_9_approximately_5_ms,branch_merge_9,approximately_5_ms,versioned_compiled,29,1,20,927343182,46367159.1,20,1
run_2026-07-30T11-00-12_42,steady_state_branch_merge_9_approximately_5_ms,branch_merge_9,approximately_5_ms,static_compiled,29,2,20,935459925,46772996.25,20,1
run_2026-07-30T11-00-12_42,steady_state_branch_merge_9_approximately_5_ms,branch_merge_9,approximately_5_ms,hard_coded,29,3,20,933817534,46690876.7,20,1
run_2026-07-30T11-00-12_42,steady_state_branch_merge_9_approximately_5_ms,branch_merge_9,approximately_5_ms,static_compiled,30,1,20,931536662,46576833.1,20,1
run_2026-07-30T11-00-12_42,steady_state_branch_merge_9_approximately_5_ms,branch_merge_9,approximately_5_ms,hard_coded,30,2,20,1219925559,60996277.95,20,1
run_2026-07-30T11-00-12_42,steady_state_branch_merge_9_approximately_5_ms,branch_merge_9,approximately_5_ms,versioned_compiled,30,3,20,982288993,49114449.65,20,1
